lot,pa_1,pa_2,pa_3,pa_4,pf,pa_1-Granulometrie: d(50),pa_2-Granulometrie: d(50),pa_3-Granulometrie: d(50),pa_4-Granulometrie: d(50),Granulometrie: d(50)-MEAN,pa_1-Granulometrie: d(90),pa_2-Granulometrie: d(90),pa_3-Granulometrie: d(90),pa_4-Granulometrie: d(90),Granulometrie: d(90)-MEAN
6A007,['1503945796'],,,,DRONEDARONE 400MG TABCO VR US,,,,,,,,,,
6A008,['1503945796'],['1503935762'],,,DRONEDARONE 400MG TABCO VR US,,,,,,,,,,
6A009,['1503945796'],['1503935762'],,,DRONEDARONE 400MG TABCO VR US,,,,,,,,,,
6A010,['1503945796'],['1503935762'],,,DRONEDARONE 400MG TABCO VRAC Conditionnement TOURS pour US,,,,,,,,,,
6A011,['1503945796'],['1503935762'],,,DRONEDARONE 400MG TABCO VRAC Conditionnement TOURS pour US,,,,,,,,,,
6A012,['1503965830'],['1503935762'],,,MULTAQ 400 TABCO 2X10 HX DE,,,,,,,,,,
6A013,['1503965830'],['1503935762'],,,MULTAQ 400 TABCO 6X10 ES,,,,,,,,,,
6A014,['1503945796'],['1503965830'],,,MULTAQ 400 TABCO 6X10 M36 XC,,,,,,,,,,
6A015,['1503945796'],['1503965830'],,,MULTAQ 400 TABCO 10X10 DE,,,,,,,,,,
6A016,['1503945796'],['1503975870'],['1503965830'],,DRONEDARONE 400MG TABCO VR US,,,,,,,,,,
6A017,['1503955827'],['1503975870'],,,DRONEDARONE 400MG TABCO VR US,,,,,,,,,,
6A018,['1503955827'],['1503945796'],['1503965830'],,DRONEDARONE 400MG TABCO VR US,,,,,,,,,,
6A019,['1503955827'],['1503975870'],,,DRONEDARONE 400MG TABCO VR US,,,,,,,,,,
6A020,['1503955827'],['1503975870'],,,DRONEDARONE 400MG TABCO VR US,,,,,,,,,,
6A021,['1503955827'],['1503965830'],,,DRONEDARONE 400MG TABCO VRAC Conditionnement TOURS pour US,,,,,,,,,,
6A022,['1503955827'],['1503965830'],,,DRONEDARONE 400MG TABCO VRAC Conditionnement TOURS pour US,,,,,,,,,,
6A023,['1503975870'],['1503985893'],,,MULTAQ 400 TABCO 6X10 ES,,,,,,,,,,
6A024,['1503975870'],['1503985893'],,,MULTAQ 400 TABCO 6X10 IT,,,,,,,,,,
6A025,['1503985893'],['1503965830'],,,MULTAQ 400 TABCO 10X10 DE,,,,,,,,,,
6A026,['1503985893'],,,,MULTAQ 400 TABCO 10X10 DE,,,,,,,,,,
6A027,['1503995939'],['1503985893'],['1504016245'],,DRONEDARONE 400MG TABCO VR US,,,,,,,,,,
6A028,['1503995939'],,,,DRONEDARONE 400MG TABCO VR US,,,,,,,,,,
6A029,['1503995939'],,,,DRONEDARONE 400MG TABCO VR US,,,,,,,,,,
6A030,['1503995939'],,,,DRONEDARONE 400MG TABCO VR US,,,,,,,,,,
6A031,['1503995939'],['1503985893'],,,DRONEDARONE 400MG TABCO VR US,,,,,,,,,,
6A032,['1503924660'],['1504016245'],,,MULTAQ 400 TABCO 3X10 M36 XB,,,,,,,,,,
6A033,['1503924660'],['1504016245'],,,MULTAQ 400 TABCO 6X10 ES,,,,,,,,,,
6A034,['1503985893'],['1503924660'],['1504016245'],,MULTAQ 400 TABCO 6X10 SK,,,,,,,,,,
6A035,['1503924660'],['1504016245'],,,MULTAQ 400 TABCO 10X10 DE,,,,,,,,,,
6A036,['1503854251'],,,,MULTAQ 400 TABCO 10X10 DE,,,,,,,,,,
6A037,['1503854251'],,,,DRONEDARONE 400MG TABCO VR US,,,,,,,,,,
6A038,['1503854251'],['1503864282'],,,DRONEDARONE 400MG TABCO VR US,,,,,,,,,,
6A039,['1503854251'],['1503864282'],,,DRONEDARONE 400MG TABCO VR US,,,,,,,,,,
6A040,['1503924660'],['1504016245'],['1503864282'],,DRONEDARONE 400MG TABCO VR US,,,,,,,,,,
6A041,['1503864282'],,,,DRONEDARONE 400MG TABCO VR US,,,,,,,,,,
6A042,['1503864282'],,,,DRONEDARONE 400MG TABCO VRAC Conditionnement TOURS pour US,,,,,,,,,,
6A043,['1503924660'],['1503864282'],,,DRONEDARONE 400MG TABCO VRAC Conditionnement TOURS pour US,,,,,,,,,,
6A044,['1503924660'],['1504026251'],['1504016245'],['1503864282'],MULTAQ 400MG TABCO 6X10 KR,,,,,,,,,,
6A045,['1504016245'],,,,MULTAQ 400 TABCO 6X10 ES,,,,,,,,,,
6A046,['1504026251'],['1504016245'],,,MULTAQ 400 TABCO 6X10 IT,,,,,,,,,,
6A047,['1504026251'],,,,MULTAQ 400 TABCO 6X10 AT,,,,,,,,,,
6A048,['1504026251'],,,,MULTAQ 400 TABCO 10X10 NO/DK,,,,,,,,,,
6A049,['1504006242'],['1504026251'],,,MULTAQ 400 TABCO 10X10 DE,,,,,,,,,,
6A050,['1504006242'],,,,DRONEDARONE 400MG TABCO VR US,,,,,,,,,,
6A051,['1504006242'],['1504036255'],,,DRONEDARONE 400MG TABCO VR US,,,,,,,,,,
6A052,['1604040016'],['1504036255'],,,DRONEDARONE 400MG TABCO VR US,,,,,,,,,,
6A053,['1604040016'],['1504006242'],['1504036255'],,DRONEDARONE 400MG TABCO VR US,,,,,,,,,,
6A054,['1504006242'],,,,DRONEDARONE 400MG TABCO VR US,,,,,,,,,,
6A055,['1504006242'],['1504036255'],,,DRONEDARONE 400MG TABCO VR US,,,,,,,,,,
6A056,['1504006242'],['1504036255'],,,DRONEDARONE 400MG TABCO VR US,,,,,,,,,,
6A057,['1604040016'],['1504006242'],,,DRONEDARONE 400MG TABCO VRAC Conditionnement TOURS pour US,,,,,,,,,,
6A058,['1604040016'],['1504036255'],,,DRONEDARONE 400MG TABCO VRAC Conditionnement TOURS pour US,,,,,,,,,,
6A059,['1604040016'],['1504036255'],,,DRONEDARONE 400MG VRAC CP CA (MINIBAG),,,,,,,,,,
6A060,['1604040016'],['1604070057'],['1504036255'],,MULTAQ 400 TABCO 6X10 SK,,,,,,,,,,
6A061,['1604070057'],,,,MULTAQ 400 TABCO 6X10 FR,,,,,,,,,,
6A062,['1604070057'],,,,DRONEDARONE 400MG TABCO VR US,,,,,,,,,,
6A063,['1604050027'],['1604070057'],,,DRONEDARONE 400MG TABCO VR US,,,,,,,,,,
6A064,['1604050027'],,,,DRONEDARONE 400MG TABCO VR US,,,,,,,,,,
6A065,['1604050027'],,,,DRONEDARONE 400MG TABCO VRAC Conditionnement TOURS pour US,,,,,,,,,,
6A066,['1604050027'],['1604070057'],,,DRONEDARONE 400MG TABCO VRAC Conditionnement TOURS pour US,,,,,,,,,,
6A067,['1604060048'],['1604050027'],['1604070057'],,MULTAQ 400 TABCO 2X10 GB,,,,,,,,,,
6A068,['1604060048'],,,,MULTAQ 400 TABCO 10X10 DE,,,,,,,,,,
6A069,['1604060048'],,,,MULTAQ 400 TABCO 10X10 DE,,,,,,,,,,
6A070,['1604060048'],['1604080066'],,,MULTAQ 400 TABCO 10X10 DE,,,,,,,,,,
6A071,['1604080066'],,,,MULTAQ 400 TABCO 6X10 M36 XC,,,,,,,,,,
6A072,['1604080066'],,,,MULTAQ 400 TABCO 6X10 ES,,,,,,,,,,
6A073,['1604080066'],['1604090213'],,,MULTAQ 400 TABCO 6X10 UA,,,,,,,,,,
6A074,['1604080066'],['1604090213'],,,MULTAQ 400MG TABCO 6X10 KR,,,,,,,,,,
6A075,['1604060048'],['1604080066'],['1604090213'],,DRONEDARONE 400MG TABCO VR US,,,,,,,,,,
6A076,['1604090213'],,,,DRONEDARONE 400MG TABCO VR US,,,,,,,,,,
6A077,['1604100217'],['1604080066'],['1604090213'],,DRONEDARONE 400MG TABCO VR US,,,,,,,,,,
6A078,['1604100217'],['1604090213'],,,DRONEDARONE 400MG TABCO VR US,,,,,,,,,,
6A079,['1604100217'],['1604090213'],,,DRONEDARONE 400MG TABCO VR US,,,,,,,,,,
6A080,['1604100217'],['1604110655'],,,DRONEDARONE 400MG TABCO VRAC Conditionnement TOURS pour US,,,,,,,,,,
6A081,['1604140693'],,,,MULTAQ 400 TABCO 6X10 GB,,,,,,,,,,
6A082,['1604130699'],,,,MULTAQ 400 TABCO 6X10 ES,,,,,,,,,,
6A083,['1604100217'],,,,MULTAQ 400 TABCO 10X10 DE,,,,,,,,,,
6A084,['1604100217'],['1604130699'],['1604110655'],,MULTAQ 400 TABCO 6X10 IT,,,,,,,,,,
6A085,['1604110655'],,,,MULTAQ 400 TABCO 6X10 SK,,,,,,,,,,
6A086,['1604120689'],['1604110655'],,,MULTAQ 400 TABCO 10X10 DE,,,,,,,,,,
6A087,['1604120689'],,,,MULTAQ 400 TABCO 10X10 DE,,,,,,,,,,
6A088,['1604120689'],,,,DRONEDARONE 400MG TABCO VRAC Conditionnement TOURS pour US,,,,,,,,,,
6A089,['1604120689'],,,,DRONEDARONE 400MG TABCO VRAC Conditionnement TOURS pour US,,,,,,,,,,
6A090,['1604140693'],,,,MULTAQ 400 TABCO 6X10 SK,,,,,,,,,,
6A091,['1604140693'],,,,MULTAQ 400 TABCO 3X10 M36 XB,,,,,,,,,,
6A092,['1604120689'],['1604130699'],['1604140693'],,MULTAQ 400 TABCO 6X10 ES,,,,,,,,,,
6A093,['1604130699'],['1604140693'],,,MULTAQ 400 TABCO 10X10 NO/DK,,,,,,,,,,
6A095,['1604150712'],['1604130699'],,,DRONEDARONE 400MG TABCO VRAC Conditionnement TOURS pour US,,,,,,,,,,
6A096,['1604150712'],,,,DRONEDARONE 400MG TABCO VRAC Conditionnement TOURS pour US,,,,,,,,,,
6A097,['1604150712'],,,,MULTAQ 400 TABCO 6X10 ES,,,,,,,,,,
6A098,['1604100217'],['1604150712'],,,MULTAQ 400 TABCO 6X10 M36 XC,,,,,,,,,,
6A099,['1604150712'],['1604163886'],,,MULTAQ 400 TABCO 10X10 NO/DK,,,,,,,,,,
6A100,['1604163886'],,,,DRONEDARONE 400MG TABCO VRAC Conditionnement TOURS pour US,,,,,,,,,,
6A101,['1604173981'],,,,DRONEDARONE 400MG TABCO VRAC Conditionnement TOURS pour US,,,,,,,,,,
6A102,['1604173981'],,,,DRONEDARONE 400MG TABCO VR US,,,,,,,,,,
6A103,['1604173981'],,,,DRONEDARONE 400MG TABCO VR US,,,,,,,,,,
6A104,['1604173981'],['1604163886'],,,DRONEDARONE 400MG TABCO VR US,,,,,,,,,,
6A105,['1604184024'],,,,DRONEDARONE 400MG TABCO VR US,,,,,,,,,,
6A106,['1604163886'],['1604184024'],,,DRONEDARONE 400MG TABCO VR US,,,,,,,,,,
6A108,['1604184024'],['1604194113'],,,DRONEDARONE 400MG TABCO VR US,,,,,,,,,,
6A109,['1604194113'],,,,DRONEDARONE 400MG TABCO VR US,,,,,,,,,,
6A110,['1604194113'],,,,DRONEDARONE 400MG TABCO VR US,,,,,,,,,,
6A111,['1604204194'],,,,MULTAQ 400 TABCO 3X10 M36 XB,,,,,,,,,,
6A112,['1604204194'],,,,MULTAQ 400 TABCO 6X10 IT,,,,,,,,,,
6A113,['1604204194'],['1604194113'],,,MULTAQ 400 TABCO 6X10 ES,,,,,,,,,,
6A114,['1604214220'],['1604194113'],,,MULTAQ 400 TABCO 10X10 DE,,,,,,,,,,
6A115,['1604204194'],['1604214220'],['1604194113'],,MULTAQ 400 TABCO 10X10 DE,,,,,,,,,,
6A116,['1604214220'],['1604194113'],,,MULTAQ 400 TABCO 10X10 DE,,,,,,,,,,
6A117,['1604214220'],,,,DRONEDARONE 400MG TABCO VRAC Conditionnement TOURS pour US,,,,,,,,,,
6A118,['1604214220'],['1604224250'],,,DRONEDARONE 400MG TABCO VRAC Conditionnement TOURS pour US,,,,,,,,,,
6A119,['1604214220'],['1604224250'],,,DRONEDARONE 400MG TABCO VR US,,,,,,,,,,
6A120,['1604224250'],,,,DRONEDARONE 400MG TABCO VR US,,,,,,,,,,
6A121,['1604224250'],,,,DRONEDARONE 400MG TABCO VR US,,,,,,,,,,
6A122,['1604224250'],['1604234263'],,,DRONEDARONE 400MG TABCO VR US,,,,,,,,,,
6A123,['1604234263'],,,,DRONEDARONE 400MG TABCO VR US,,,,,,,,,,
6A124,['1604234263'],,,,DRONEDARONE 400MG TABCO VR US,,,,,,,,,,
6A125,['1604244785'],,,,MULTAQ 400 TABCO 6X10 M36 XC,,,,,,,,,,
6A126,['1604244785'],,,,MULTAQ 400 TABCO 6X10 ES,,,,,,,,,,
7A001,['1604244785'],['1604234263'],,,MULTAQ 400 TABCO 6X10 GB,,,,,,,,,,
7A002,['1604244785'],['1604234263'],,,MULTAQ 400 TABCO 10X10 XP,,,,,,,,,,
7A003,['1604244785'],['1604254837'],,,MULTAQ 400 TABCO 10X10 NO/DK,,,,,,,,,,
7A004,['1604254837'],,,,DRONEDARONE 400MG TABCO VRAC Conditionnement TOURS pour US,,,,,,,,,,
7A005,['1604274907'],['1604284953'],,,MULTAQ 400 TABCO 10X10 DE,,,,,,,,,,
7A006,['1604274907'],,,,DRONEDARONE 400MG TABCO VRAC Conditionnement TOURS pour US,,,,,,,,,,
7A007,['1604274907'],['1604264863'],['1604264863'],,MULTAQ 400 TABCO 10X10 DE,,,,,,,,,,
7A008,['1604274907'],['1604264863'],['1604264863'],,DRONEDARONE 400MG TABCO VR US,,,,,,,,,,
7A009,['1604274907'],['1604264863'],['1604264863'],,DRONEDARONE 400MG TABCO VR US,,,,,,,,,,
7A010,['1604264863'],['1604264863'],,,DRONEDARONE 400MG TABCO VR US,,,,,,,,,,
7A011,['1604264863'],['1604264863'],,,DRONEDARONE 400MG TABCO VR US,,,,,,,,,,
7A012,['1604264863'],['1604264863'],['1604284953'],,DRONEDARONE 400MG TABCO VR US,,,,,,,,,,
7A013,['1604264863'],['1604264863'],['1604284953'],,DRONEDARONE 400MG TABCO VR US,,,,,,,,,,
7A014,['1604254837'],,,,MULTAQ 400 TABCO 10X10 DE,,,,,,,,,,
7A015,['1604274907'],['1604254837'],,,DRONEDARONE 400MG TABCO VRAC Conditionnement TOURS pour US,,,,,,,,,,
7A016,['1604284953'],,,,DRONEDARONE 400MG TABCO VRAC Conditionnement TOURS pour US,,,,,,,,,,
7A017,['1604204194'],['1604294957'],['1604194113'],['1604284953'],DRONEDARONE 400MG TABCO VR US,,,,,,,,,,
7A018,['1604294957'],,,,DRONEDARONE 400MG TABCO VR US,,,,,,,,,,
7A019,['1604294957'],,,,DRONEDARONE 400MG TABCO VR US,,,,,,,,,,
7A020,['1604294957'],,,,DRONEDARONE 400MG TABCO VR US,,,,,,,,,,
7A021,['1604294957'],['1604305049'],,,DRONEDARONE 400MG TABCO VR US,,,,,,,,,,
7A022,['1604305049'],,,,DRONEDARONE 400MG TABCO VR US,,,,,,,,,,
7A023,['1604305049'],,,,MULTAQ 400 TABCO 10X10 DE,,,,,,,,,,
7A024,['1604305049'],,,,MULTAQ 400 TABCO 6X10 ES,,,,,,,,,,
7A025,['1604326468'],,,,MULTAQ 400 TABCO 6X10 GB,11.3,,,,11.3,31.0,,,,17.866666666666664
7A026,['1604315082'],['1604326468'],['1604305049'],,MULTAQ 400 TABCO 6X10 FR,,11.3,,,11.3,,31.0,,,17.866666666666664
7A027,['1604315082'],['1604326468'],,,MULTAQ 400 TABCO 6X10 M36 XC,,11.3,,,11.3,,31.0,,,17.866666666666664
7A028,['1604315082'],,,,MULTAQ 400 TABCO 6X10 UA,,,,,,,,,,
7A029,['1604315082'],['1604326468'],,,MULTAQ 400 TABCO 10X10 XP,,11.3,,,11.3,,31.0,,,17.866666666666664
7A030,['1604336497'],['1604326468'],,,MULTAQ 400 TABCO 10X10 DE,10.9,11.3,,,11.100000000000001,31.0,31.0,,,19.06
7A031,['1604336497'],,,,DRONEDARONE 400MG TABCO VRAC Conditionnement TOURS pour US,10.9,,,,10.9,31.0,,,,17.599999999999998
7A032,['1604336497'],,,,DRONEDARONE 400MG TABCO VRAC Conditionnement TOURS pour US,10.9,,,,10.9,31.0,,,,17.599999999999998
7A033,['1604336497'],,,,DRONEDARONE 400MG TABCO VR US,10.9,,,,10.9,31.0,,,,17.599999999999998
7A034,['1604336497'],['1604346608'],,,DRONEDARONE 400MG TABCO VR US,10.9,10.4,,,10.65,31.0,30.0,,,18.59
7A035,['1604346608'],,,,DRONEDARONE 400MG TABCO VR US,10.4,,,,10.4,30.0,,,,16.933333333333334
7A036,['1604346608'],,,,DRONEDARONE 400MG TABCO VR US,10.4,,,,10.4,30.0,,,,16.933333333333334
7A037,['1604346608'],,,,DRONEDARONE 400MG TABCO VR US,10.4,,,,10.4,30.0,,,,16.933333333333334
7A038,['1704360132'],['1604346608'],,,DRONEDARONE 400MG TABCO VR US,9.0,10.4,,,9.7,26.0,30.0,,,17.02
7A039,['1704360132'],,,,DRONEDARONE 400MG TABCO VR US,9.0,,,,9.0,26.0,,,,14.666666666666666
7A040,['1704360132'],['1704380139'],,,DRONEDARONE 400MG TABCO VR US,9.0,11.0,,,10.0,26.0,32.0,,,17.6
7A041,['1704360132'],['1704380139'],,,DRONEDARONE 400MG TABCO VRAC Conditionnement TOURS pour US,9.0,11.0,,,10.0,26.0,32.0,,,17.6
7A042,['1704360132'],,,,DRONEDARONE 400MG TABCO VRAC Conditionnement TOURS pour US,9.0,,,,9.0,26.0,,,,14.666666666666666
7A043,['1704360132'],['1704380139'],,,MULTAQ 400 TABCO 10X10 XP,9.0,11.0,,,10.0,26.0,32.0,,,17.6
7A044,['1704360132'],['1704380139'],,,MULTAQ 400 TABCO 10X10 DE,9.0,11.0,,,10.0,26.0,32.0,,,17.6
7A045,['1704370136'],['1704380139'],,,MULTAQ 400 TABCO 6X10 SK,10.0,11.0,,,10.5,29.0,32.0,,,18.5
7A047,['1704370136'],,,,DRONEDARONE 400MG TABCO VRAC Conditionnement TOURS pour US,10.0,,,,10.0,29.0,,,,16.333333333333332
7A048,['1704370136'],['1704390143'],['1704390143'],,DRONEDARONE 400MG TABCO VRAC Conditionnement TOURS pour US,10.0,9.0,9.0,,9.333333333333334,29.0,29.0,29.0,,17.761904761904763
7A049,['1704390143'],['1704390143'],,,DRONEDARONE 400MG TABCO VR US,9.0,9.0,,,9.0,29.0,29.0,,,17.0
7A050,['1704390143'],['1704390143'],['1704451976'],,DRONEDARONE 400MG VRAC CP CA (MINIBAG),9.0,9.0,11.0,,9.666666666666666,29.0,29.0,30.0,,18.095238095238095
7A051,['1704390143'],['1704390143'],['1704421951'],['1704451976'],MULTAQ 400 TABCO 6X10 IT,9.0,9.0,11.0,11.0,10.0,29.0,29.0,31.0,30.0,18.77777777777778
7A052,['1704390143'],['1704390143'],['1704421951'],['1704451976'],MULTAQ 400MG TABCO 6X10 KR,9.0,9.0,11.0,11.0,10.0,29.0,29.0,31.0,30.0,18.77777777777778
7A053,['1704390143'],['1704390143'],,,MULTAQ 400 TABCO 6X10 M36 XC,9.0,9.0,,,9.0,29.0,29.0,,,17.0
7A054,['1704390143'],['1704390143'],['1704441966'],['1704431957'],DRONEDARONE 400MG TABCO VR US,9.0,9.0,11.0,10.0,9.75,29.0,29.0,30.0,30.0,18.52777777777778
7A055,['1704472755'],['1704451976'],,,DRONEDARONE 400MG TABCO VR US,9.943999999999999,11.0,,,10.472,28.581999999999997,30.0,,,17.9996
7A056,['1704472755'],,,,DRONEDARONE 400MG TABCO VRAC Conditionnement TOURS pour US,9.943999999999999,,,,9.943999999999999,28.581999999999997,,,,16.156666666666666
7A057,['1704431957'],['1704411933'],,,MULTAQ 400 TABCO 10X10 NO/DK,10.0,9.6,,,9.8,30.0,27.0,,,17.28
7A058,['1704401842'],['1704411933'],['1704451976'],,MULTAQ 400 TABCO 10X10 DE,9.2,9.6,11.0,,9.933333333333332,27.0,27.0,30.0,,17.676190476190477
7A059,['1704472755'],,,,MULTAQ 400 TABCO 2X10 HX DE,9.943999999999999,,,,9.943999999999999,28.581999999999997,,,,16.156666666666666
7A060,['1704472755'],['1704462809'],,,MULTAQ 400 TABCO 6X10 ES,9.943999999999999,9.086,,,9.515,28.581999999999997,28.778000000000002,,,17.181
7A061,['1704462809'],,,,DRONEDARONE 400MG TABCO VRAC Conditionnement TOURS pour US,9.086,,,,9.086,28.778000000000002,,,,15.65
7A062,['1704472755'],['1704462809'],,,DRONEDARONE 400MG TABCO VRAC Conditionnement TOURS pour US,9.943999999999999,9.086,,,9.515,28.581999999999997,28.778000000000002,,,17.181
7A063,['1704462809'],['1704482890'],,,MULTAQ 400 TABCO 6X10 SK,9.086,9.514,,,9.3,28.778000000000002,30.480999999999998,,,17.4318
7A064,['1704472755'],['1704462809'],,,MULTAQ 400 TABCO 10X10 DE,9.943999999999999,9.086,,,9.515,28.581999999999997,28.778000000000002,,,17.181
7A065,['1704482890'],,,,MULTAQ 400 TABCO 6X10 CH,9.514,,,,9.514,30.480999999999998,,,,16.503
7A066,['1704482890'],,,,MULTAQ 400 TABCO 6X10 AT,9.514,,,,9.514,30.480999999999998,,,,16.503
7A067,['1704492908'],['1704482890'],,,MULTAQ 400 TABCO 6X10 IT,8.913,9.514,,,9.2135,23.379,30.480999999999998,,,16.300099999999997
7A068,['1704492908'],,,,MULTAQ 400 TABCO 6X10 M36 XC,8.913,,,,8.913,23.379,,,,13.735
7A069,['1704492908'],,,,MULTAQ 400 TABCO 10X10 DE,8.913,,,,8.913,23.379,,,,13.735
7A070,['1704502913'],['1704492908'],,,MULTAQ 400 TABCO 10X10 DE,9.623,8.913,,,9.268,26.914,23.379,,,15.619400000000002
7A071,['1704502913'],,,,DRONEDARONE 400MG TABCO VR US,9.623,,,,9.623,26.914,,,,15.386666666666665
7A072,['1704502913'],['1704492908'],,,DRONEDARONE 400MG TABCO VR US,9.623,8.913,,,9.268,26.914,23.379,,,15.619400000000002
7A073,['1704502913'],['1704492908'],,,DRONEDARONE 400MG TABCO VR US,9.623,8.913,,,9.268,26.914,23.379,,,15.619400000000002
7A074,['1704502913'],,,,DRONEDARONE 400MG TABCO VR US,9.623,,,,9.623,26.914,,,,15.386666666666665
7A075,['1704523085'],,,,DRONEDARONE 400MG TABCO VRAC Conditionnement TOURS pour US,12.0,,,,12.0,33.0,,,,19.0
7A076,['1704502913'],['1704523085'],,,DRONEDARONE 400MG TABCO VRAC Conditionnement TOURS pour US,9.623,12.0,,,10.811499999999999,26.914,33.0,,,18.4697
7A077,['1704523085'],,,,DRONEDARONE 400MG TABCO VR US,12.0,,,,12.0,33.0,,,,19.0
7A078,['1704513072'],['1704523085'],,,DRONEDARONE 400MG TABCO VR US,11.0,12.0,,,11.5,34.0,33.0,,,20.3
7A079,['1704513072'],['1704462679'],,,DRONEDARONE 400MG TABCO VR US,11.0,10.4,,,10.7,34.0,30.7,,,19.360000000000003
7A080,['1704513072'],['1704462679'],,,DRONEDARONE 400MG TABCO VR US,11.0,10.4,,,10.7,34.0,30.7,,,19.360000000000003
7A081,['1704513072'],,,,DRONEDARONE 400MG TABCO VR US,11.0,,,,11.0,34.0,,,,18.666666666666668
7A082,['1704513072'],,,,DRONEDARONE 400MG TABCO VR US,11.0,,,,11.0,34.0,,,,18.666666666666668
7A083,['1704543271'],['1704533263'],['1704513072'],,DRONEDARONE 400MG TABCO VR US,11.0,11.0,11.0,,11.0,32.0,33.0,34.0,,20.428571428571427
7A084,['1704543271'],['1704533263'],,,DRONEDARONE 400MG TABCO VRAC Conditionnement TOURS pour US,11.0,11.0,,,11.0,32.0,33.0,,,19.6
7A085,['1704533263'],,,,DRONEDARONE 400MG TABCO VRAC Conditionnement TOURS pour US,11.0,,,,11.0,33.0,,,,18.333333333333332
7A086,['1704533263'],,,,DRONEDARONE 400MG TABCO VRAC Conditionnement TOURS pour US,11.0,,,,11.0,33.0,,,,18.333333333333332
7A087,['1704543271'],['1704533263'],,,DRONEDARONE 400MG TABCO VRAC Conditionnement TOURS pour US,11.0,11.0,,,11.0,32.0,33.0,,,19.6
7A088,['1704543271'],,,,MULTAQ 400 TABCO 6X10 CH,11.0,,,,11.0,32.0,,,,18.0
7A089,['1704543271'],,,,MULTAQ 400 TABCO 6X10 ES,11.0,,,,11.0,32.0,,,,18.0
7A090,['1704543271'],['1704533263'],['1704553366'],,MULTAQ 400 TABCO 6X10 AT,11.0,11.0,10.0,,10.666666666666666,32.0,33.0,30.0,,19.666666666666664
7A091,['1704553366'],,,,MULTAQ 400 TABCO 6X10 M36 XC,10.0,,,,10.0,30.0,,,,16.666666666666668
7A092,['1704553366'],,,,MULTAQ 400 TABCO 10X10 NO/DK,10.0,,,,10.0,30.0,,,,16.666666666666668
7A093,['1704553366'],,,,MULTAQ 400 TABCO 10X10 XP,10.0,,,,10.0,30.0,,,,16.666666666666668
7A094,['1704563369'],['1704553366'],,,MULTAQ 400 TABCO 10X10 DE,11.135,10.0,,,10.567499999999999,31.761,30.0,,,18.692699999999995
7A095,['1704563369'],,,,DRONEDARONE 400MG TABCO VRAC Conditionnement TOURS pour US,11.135,,,,11.135,31.761,,,,18.01033333333333
7A096,['1704563369'],,,,DRONEDARONE 400MG TABCO VRAC Conditionnement TOURS pour US,11.135,,,,11.135,31.761,,,,18.01033333333333
7A097,['1704563369'],['1704573537'],,,DRONEDARONE 400MG TABCO VRAC Conditionnement TOURS pour US,11.135,9.6,,,10.3675,31.761,29.0,,,18.372700000000002
7A098,['1704573537'],,,,DRONEDARONE 400MG TABCO VRAC Conditionnement TOURS pour US,9.6,,,,9.6,29.0,,,,16.066666666666666
7A099,['1704563369'],['1704573537'],,,DRONEDARONE 400MG TABCO VR US,11.135,9.6,,,10.3675,31.761,29.0,,,18.372700000000002
7A100,['1704563369'],['1704573537'],,,DRONEDARONE 400MG TABCO VR US,11.135,9.6,,,10.3675,31.761,29.0,,,18.372700000000002
7A101,['1704593670'],['1704563369'],['1704573537'],,DRONEDARONE 400MG TABCO VR US,10.0,11.135,9.6,,10.245,31.0,31.761,29.0,,18.962999999999997
7A102,['1704593670'],['1704573537'],,,DRONEDARONE 400MG TABCO VR US,10.0,9.6,,,9.8,31.0,29.0,,,17.880000000000003
7A103,['1704593670'],,,,DRONEDARONE 400MG TABCO VR US,10.0,,,,10.0,31.0,,,,17.0
7A104,['1704603679'],['1704593670'],,,DRONEDARONE 400MG TABCO VRAC Conditionnement TOURS pour US,9.6,10.0,,,9.8,33.0,31.0,,,18.68
7A105,['1704603679'],,,,DRONEDARONE 400MG TABCO VRAC Conditionnement TOURS pour US,9.6,,,,9.6,33.0,,,,17.400000000000002
7A106,['1704603679'],['1704593670'],,,MULTAQ 400 TABCO 6X10 ES,9.6,10.0,,,9.8,33.0,31.0,,,18.68
7A107,['1704603679'],['1704593670'],,,MULTAQ 400 TABCO 6X10 IT,9.6,10.0,,,9.8,33.0,31.0,,,18.68
7A108,['1704583553'],['1704603679'],,,MULTAQ 400 TABCO 6X10 IT,9.7,9.6,,,9.649999999999999,29.0,33.0,,,18.19
7A109,['1704583553'],,,,MULTAQ 400 TABCO 10X10 NO/DK,9.7,,,,9.7,29.0,,,,16.133333333333336
7A110,['1704583553'],,,,MULTAQ 400 TABCO 10X10 DE,9.7,,,,9.7,29.0,,,,16.133333333333336
7A111,['1704583553'],['1704613749'],,,MULTAQ 400 TABCO 10X10 DE,9.7,8.8,,,9.25,29.0,27.0,,,16.75
7A112,['1704583553'],['1704613749'],,,DRONEDARONE 400MG TABCO VR US,9.7,8.8,,,9.25,29.0,27.0,,,16.75
7A113,['1704613749'],,,,DRONEDARONE 400MG TABCO VR US,8.8,,,,8.8,27.0,,,,14.866666666666665
7A114,['1704613749'],,,,DRONEDARONE 400MG TABCO VR US,8.8,,,,8.8,27.0,,,,14.866666666666665
7A115,['1704643873'],['1704613749'],,,DRONEDARONE 400MG TABCO VR US,10.0,8.8,,,9.4,30.0,27.0,,,17.04
7A116,['1704583553'],['1704643873'],,,DRONEDARONE 400MG TABCO VR US,9.7,10.0,,,9.85,29.0,30.0,,,17.71
7A117,['1704583553'],['1704643873'],['1704613749'],,DRONEDARONE 400MG TABCO VR US,9.7,10.0,8.8,,9.5,29.0,30.0,27.0,,17.714285714285715
7A118,['1704643873'],['1704613749'],,,DRONEDARONE 400MG TABCO VR US,10.0,8.8,,,9.4,30.0,27.0,,,17.04
7A119,['1704643873'],['1704633855'],,,DRONEDARONE 400MG TABCO VR US,10.0,9.3,,,9.65,30.0,29.0,,,17.59
7A120,['1704633855'],,,,DRONEDARONE 400MG TABCO VR US,9.3,,,,9.3,29.0,,,,15.866666666666665
7A121,['1704633855'],,,,DRONEDARONE 400MG TABCO VR US,9.3,,,,9.3,29.0,,,,15.866666666666665
7A122,['1704633855'],,,,DRONEDARONE 400MG TABCO VR US,9.3,,,,9.3,29.0,,,,15.866666666666665
7A123,['1704633855'],['1704664009'],,,DRONEDARONE 400MG TABCO VR US,9.3,9.2,,,9.25,29.0,29.0,,,17.15
7A124,['1704654006'],,,,DRONEDARONE 400MG TABCO VR US,9.0,,,,9.0,29.0,,,,15.666666666666666
7A125,['1704674152'],,,,DRONEDARONE 400MG TABCO VR US,10.4,,,,10.4,30.0,,,,16.933333333333334
7A126,['1704674152'],,,,DRONEDARONE 400MG TABCO VR US,10.4,,,,10.4,30.0,,,,16.933333333333334
7A127,['1704694266'],['1704674152'],,,DRONEDARONE 400MG TABCO VR US,9.5,10.4,,,9.95,27.0,30.0,,,17.369999999999997
7A128,['1704694266'],['1704674152'],,,DRONEDARONE 400MG TABCO VR US,9.5,10.4,,,9.95,27.0,30.0,,,17.369999999999997
7A129,['1704684174'],['1704694266'],['1704674152'],,DRONEDARONE 400MG TABCO VR US,10.5,9.5,10.4,,10.133333333333333,29.0,27.0,30.0,,18.076190476190476
7A130,['1704664009'],,,,MULTAQ 400 TABCO 6X10 GB,9.2,,,,9.2,29.0,,,,15.800000000000002
7A131,['1704664009'],,,,MULTAQ 400 TABCO 6X10 ES,9.2,,,,9.2,29.0,,,,15.800000000000002
7A132,['1704664009'],['1704654006'],,,MULTAQ 400 TABCO 6X10 IT,9.2,9.0,,,9.1,29.0,29.0,,,17.06
7A133,['1704654006'],,,,MULTAQ 400 TABCO 6X10 M36 XC,9.0,,,,9.0,29.0,,,,15.666666666666666
7A134,['1704654006'],,,,MULTAQ 400 TABCO 10X10 NO/DK,9.0,,,,9.0,29.0,,,,15.666666666666666
7A135,['1704654006'],['1704674152'],,,MULTAQ 400 TABCO 10X10 DE,9.0,10.4,,,9.7,29.0,30.0,,,17.619999999999997
7A136,['1704684174'],,,,DRONEDARONE 400MG TABCO VRAC Conditionnement TOURS pour US,10.5,,,,10.5,29.0,,,,16.666666666666668
7A137,['1704684174'],,,,DRONEDARONE 400MG TABCO VRAC Conditionnement TOURS pour US,10.5,,,,10.5,29.0,,,,16.666666666666668
7A138,['1704684174'],['1704694266'],,,DRONEDARONE 400MG TABCO VRAC Conditionnement TOURS pour US,10.5,9.5,,,10.0,29.0,27.0,,,17.2
7A139,['1704684174'],['1704694266'],,,DRONEDARONE 400MG TABCO VRAC Conditionnement TOURS pour US,10.5,9.5,,,10.0,29.0,27.0,,,17.2
7A140,['1704684174'],['1704694266'],,,DRONEDARONE 400MG TABCO VRAC Conditionnement TOURS pour US,10.5,9.5,,,10.0,29.0,27.0,,,17.2
7A141,['1704704269'],['1704684174'],,,DRONEDARONE 400MG TABCO VRAC Conditionnement TOURS pour US,10.5,10.5,,,10.5,33.0,29.0,,,18.7
7A142,['1704704269'],,,,DRONEDARONE 400MG TABCO VRAC Conditionnement TOURS pour US,10.5,,,,10.5,33.0,,,,18.0
7A143,['1704704269'],['1704664009'],['1704674152'],,DRONEDARONE 400MG TABCO VRAC Conditionnement TOURS pour US,10.5,9.2,10.4,,10.033333333333333,33.0,29.0,30.0,,18.876190476190477
7A144,['1704704269'],['1704674152'],,,MULTAQ 400 TABCO 10X10 DE,10.5,10.4,,,10.45,33.0,30.0,,,18.869999999999997
7A145,['1704785437'],['1704704269'],,,MULTAQ 400 TABCO 10X10 DE,10.9,10.5,,,10.7,33.0,33.0,,,19.619999999999997
7A146,['1704785437'],['1704714294'],,,MULTAQ 400 TABCO 10X10 DE,10.9,12.0,,,11.45,33.0,34.0,,,20.27
7A147,['1704785437'],,,,MULTAQ 400 TABCO 6X10 SK,10.9,,,,10.9,33.0,,,,18.266666666666666
7A148,['1704714294'],,,,MULTAQ 400 TABCO 6X10 ES,12.0,,,,12.0,34.0,,,,19.333333333333332
7A149,['1704714294'],,,,MULTAQ 400 TABCO 6X10 GB,12.0,,,,12.0,34.0,,,,19.333333333333332
7A150,['1704755205'],['1704714294'],,,MULTAQ 400MG TABCO 6X10 KR,12.4,12.0,,,12.2,36.0,34.0,,,21.32
7A151,['1704755205'],,,,DRONEDARONE 400MG TABCO VRAC Conditionnement TOURS pour US,12.4,,,,12.4,36.0,,,,20.266666666666666
7A152,['1704755205'],,,,DRONEDARONE 400MG TABCO VRAC Conditionnement TOURS pour US,12.4,,,,12.4,36.0,,,,20.266666666666666
7A153,['1704755205'],,,,DRONEDARONE 400MG TABCO VRAC Conditionnement TOURS pour US,12.4,,,,12.4,36.0,,,,20.266666666666666
7A154,['1704755205'],['1704745114'],['1704725069'],,DRONEDARONE 400MG TABCO VRAC Conditionnement TOURS pour US,12.4,11.9,10.0,,11.433333333333332,36.0,34.0,29.0,,20.676190476190477
7A155,['1704725069'],,,,DRONEDARONE 400MG TABCO VRAC Conditionnement TOURS pour US,10.0,,,,10.0,29.0,,,,16.333333333333332
8A001,['1704725069'],['1704735081'],,,DRONEDARONE 400MG TABCO VRAC Conditionnement TOURS pour US,10.0,9.2,,,9.6,29.0,28.0,,,17.16
8A002,['1704725069'],['1704735081'],,,DRONEDARONE 400MG TABCO VRAC Conditionnement TOURS pour US,10.0,9.2,,,9.6,29.0,28.0,,,17.16
8A003,['1704735081'],,,,DRONEDARONE 400MG TABCO VRAC Conditionnement TOURS pour US,9.2,,,,9.2,28.0,,,,15.466666666666669
8A004,['1704735081'],,,,DRONEDARONE 400MG TABCO VRAC Conditionnement TOURS pour US,9.2,,,,9.2,28.0,,,,15.466666666666669
8A005,['1704745114'],['1704735081'],,,DRONEDARONE 400MG TABCO VRAC Conditionnement TOURS pour US,11.9,9.2,,,10.55,34.0,28.0,,,18.73
8A006,['1704725069'],,,,MULTAQ 400 TABCO 5X10 DE,10.0,,,,10.0,29.0,,,,16.333333333333332
8A007,['1704745114'],['1704735081'],,,DRONEDARONE 400MG TABCO VRAC Conditionnement TOURS pour US,11.9,9.2,,,10.55,34.0,28.0,,,18.73
8A008,['1704745114'],,,,DRONEDARONE 400MG TABCO VRAC Conditionnement TOURS pour US,11.9,,,,11.9,34.0,,,,19.266666666666666
8A009,['1704785437'],['1704795474'],,,DRONEDARONE 400MG TABCO VRAC Conditionnement TOURS pour US,10.9,9.8,,,10.350000000000001,33.0,29.0,,,18.61
8A010,['1704795474'],,,,DRONEDARONE 400MG TABCO VRAC Conditionnement TOURS pour US,9.8,,,,9.8,29.0,,,,16.2
8A011,['1704795474'],,,,DRONEDARONE 400MG TABCO VRAC Conditionnement TOURS pour US,9.8,,,,9.8,29.0,,,,16.2
8A012,['1704714294'],['1704745114'],['1704725069'],,MULTAQ 400 TABCO 10X10 DE,12.0,11.9,10.0,,11.299999999999999,34.0,34.0,29.0,,20.314285714285713
8A013,['1704795474'],,,,DRONEDARONE 400MG TABCO VRAC Conditionnement TOURS pour US,9.8,,,,9.8,29.0,,,,16.2
8A014,['1704714294'],['1704765269'],,,MULTAQ 400 TABCO 10X10 DE,12.0,11.04,,,11.52,34.0,32.0,,,20.112000000000002
8A015,['1704765269'],,,,MULTAQ 400 TABCO 10X10 DE,11.04,,,,11.04,32.0,,,,18.026666666666667
8A016,['1704765269'],['1704775419'],,,MULTAQ 400 TABCO 6X10 GB,11.04,9.8,,,10.42,32.0,29.0,,,18.452
8A017,['1704775419'],,,,MULTAQ 400 TABCO 6X10 ES,9.8,,,,9.8,29.0,,,,16.2
8A018,['1704775419'],,,,MULTAQ 400 TABCO 6X10 SK,9.8,,,,9.8,29.0,,,,16.2
8A019,['1704785437'],['1704775419'],,,MULTAQ 400MG TABCO 6X10 KR,10.9,9.8,,,10.350000000000001,33.0,29.0,,,18.61
8A020,['1704785437'],['1704745114'],,,MULTAQ 400 TABCO 6X10 M36 XC,10.9,11.9,,,11.4,33.0,34.0,,,20.240000000000002
8A021,['1804811053'],['1704795474'],,,MULTAQ 400 TABCO 6X10 ES,9.0,9.8,,,9.4,27.0,29.0,,,16.84
8A022,['1804801048'],['1804801048'],['1704795474'],,MULTAQ 400 TABCO 6X10 GB,11.0,11.0,9.8,,10.6,31.0,31.0,29.0,,19.057142857142857
8A023,['1804801048'],['1804801048'],,,MULTAQ 400 TABCO 10X10 NO/DK,11.0,11.0,,,11.0,31.0,31.0,,,19.0
8A024,['1804801048'],['1804801048'],,,MULTAQ 400 TABCO 10X10 DE,11.0,11.0,,,11.0,31.0,31.0,,,19.0
8A025,['1804801048'],['1804801048'],['1804811053'],,MULTAQ 400MG TABCO 6X10 KR,11.0,11.0,9.0,,10.333333333333334,31.0,31.0,27.0,,18.61904761904762
8A027,['1804821213'],['1804811053'],,,MULTAQ 400 TABCO 6X10 M36 XC,11.0,9.0,,,10.0,32.0,27.0,,,17.8
8A028,['1804821213'],,,,MULTAQ 400 TABCO 6X10 IT,11.0,,,,11.0,32.0,,,,18.0
8A029,['1804821213'],['1804841303'],,,MULTAQ 400 TABCO 10X10 DE,11.0,10.7,,,10.85,32.0,29.0,,,18.71
8A030,['1804821213'],['1804841303'],,,MULTAQ 400 TABCO 10X10 DE,11.0,10.7,,,10.85,32.0,29.0,,,18.71
8A031,['1804831300'],['1804821213'],,,DRONEDARONE 400MG TABCO VRAC Conditionnement TOURS pour US,10.4,11.0,,,10.7,29.0,32.0,,,18.619999999999997
8A032,['1804831300'],,,,MULTAQ 400 TABCO 6X10 SK,10.4,,,,10.4,29.0,,,,16.599999999999998
8A033,['1804831300'],,,,DRONEDARONE 400MG TABCO VRAC Conditionnement TOURS pour US,10.4,,,,10.4,29.0,,,,16.599999999999998
8A034,['1804831300'],['1804901568'],,,DRONEDARONE 400MG TABCO VRAC Conditionnement TOURS pour US,10.4,9.2,,,9.8,29.0,27.0,,,17.080000000000002
8A035,['1804901568'],,,,DRONEDARONE 400MG TABCO VRAC Conditionnement TOURS pour US,9.2,,,,9.2,27.0,,,,15.133333333333335
8A036,['1804901568'],,,,DRONEDARONE 400MG TABCO VRAC Conditionnement TOURS pour US,9.2,,,,9.2,27.0,,,,15.133333333333335
8A037,['1804831300'],['1804901568'],,,DRONEDARONE 400MG TABCO VRAC Conditionnement TOURS pour US,10.4,9.2,,,9.8,29.0,27.0,,,17.080000000000002
8A038,['1804831300'],['1804841303'],,,DRONEDARONE 400MG TABCO VRAC Conditionnement TOURS pour US,10.4,10.7,,,10.55,29.0,29.0,,,17.93
8A039,['1804841303'],,,,DRONEDARONE 400MG TABCO VRAC Conditionnement TOURS pour US,10.7,,,,10.7,29.0,,,,16.8
8A040,['1804841303'],,,,DRONEDARONE 400MG TABCO VRAC Conditionnement TOURS pour US,10.7,,,,10.7,29.0,,,,16.8
8A041,['1804841303'],['1804861364'],,,MULTAQ 400 TABCO 2X10 GB,10.7,10.7,,,10.7,29.0,30.0,,,18.22
8A042,['1804841303'],['1804851359'],['1804861364'],,MULTAQ 400 TABCO 6X10 FR,10.7,9.2,10.7,,10.2,29.0,28.0,30.0,,18.257142857142856
8A043,['1804851359'],,,,MULTAQ 400 TABCO 10X10 NO/DK,9.2,,,,9.2,28.0,,,,15.466666666666669
8A044,['1804851359'],,,,MULTAQ 400 TABCO 10X10 XP,9.2,,,,9.2,28.0,,,,15.466666666666669
8A045,['1804881433'],['1804901568'],['1804851359'],,MULTAQ 400 TABCO 10X10 DE,8.3,9.2,9.2,,8.9,27.0,27.0,28.0,,16.8
8A046,['1804851359'],['1804861364'],,,MULTAQ 400 TABCO 10X10 DE,9.2,10.7,,,9.95,28.0,30.0,,,17.57
8A047,['1804861364'],,,,MULTAQ 400 TABCO 6X10 IT,10.7,,,,10.7,30.0,,,,17.133333333333336
8A048,['1804861364'],,,,MULTAQ 400 TABCO 6X10 SK,10.7,,,,10.7,30.0,,,,17.133333333333336
8A049,['1804881433'],['1804861364'],,,MULTAQ 400 TABCO 6X10 GB,8.3,10.7,,,9.5,27.0,30.0,,,17.1
8A050,['1804881433'],['1804891563'],['1804871428'],,MULTAQ 400 TABCO 5X10 DE,8.3,10.4,9.7,,9.466666666666667,27.0,30.0,29.0,,17.695238095238096
8A051,['1804881433'],['1804891563'],,,MULTAQ 400 TABCO 10X10 DE,8.3,10.4,,,9.350000000000001,27.0,30.0,,,17.009999999999998
8A052,['1804891563'],,,,DRONEDARONE 400MG TABCO VRAC Conditionnement TOURS pour US,10.4,,,,10.4,30.0,,,,16.933333333333334
8A053,['1804891563'],,,,DRONEDARONE 400MG TABCO VRAC Conditionnement TOURS pour US,10.4,,,,10.4,30.0,,,,16.933333333333334
8A054,['1804881433'],['1804891563'],,,DRONEDARONE 400MG TABCO VRAC Conditionnement TOURS pour US,8.3,10.4,,,9.350000000000001,27.0,30.0,,,17.009999999999998
8A055,['1804881433'],,,,DRONEDARONE 400MG TABCO VRAC Conditionnement TOURS pour US,8.3,,,,8.3,27.0,,,,14.533333333333331
8A056,['1804881433'],['1804871428'],,,DRONEDARONE 400MG TABCO VRAC Conditionnement TOURS pour US,8.3,9.7,,,9.0,27.0,29.0,,,16.6
8A057,['1804871428'],,,,DRONEDARONE 400MG TABCO VRAC Conditionnement TOURS pour US,9.7,,,,9.7,29.0,,,,16.133333333333336
8A058,['1804891563'],['1804871428'],['1804911587'],,DRONEDARONE 400MG TABCO VRAC Conditionnement TOURS pour US,10.4,9.7,10.0,,10.033333333333333,30.0,29.0,29.0,,18.304761904761904
8A059,['1804871428'],,,,DRONEDARONE 400MG TABCO VRAC Conditionnement TOURS pour US,9.7,,,,9.7,29.0,,,,16.133333333333336
8A060,['1804901568'],['1804891563'],['1804871428'],,DRONEDARONE 400MG TABCO VRAC Conditionnement TOURS pour US,9.2,10.4,9.7,,9.766666666666667,27.0,30.0,29.0,,17.866666666666667
8A061,['1804901568'],['1804911587'],,,MULTAQ 400 TABCO 10X10 DE,9.2,10.0,,,9.6,27.0,29.0,,,16.96
8A062,['1804921788'],['1804911587'],,,MULTAQ 400 TABCO 10X10 DE,8.7,10.0,,,9.35,27.0,29.0,,,16.81
8A063,['1804911587'],,,,MULTAQ 400 TABCO 10X10 DE,10.0,,,,10.0,29.0,,,,16.333333333333332
8A064,['1804921788'],['1804911587'],,,MULTAQ 400 TABCO 6X10 ES,8.7,10.0,,,9.35,27.0,29.0,,,16.81
8A065,['1804921788'],['1804911587'],,,MULTAQ 400 TABCO 6X10 GB,8.7,10.0,,,9.35,27.0,29.0,,,16.81
8A066,['1804921788'],['1804911587'],,,MULTAQ 400 TABCO 6X10 FR,8.7,10.0,,,9.35,27.0,29.0,,,16.81
8A067,['1804921788'],,,,MULTAQ 400 TABCO 6X10 IT,8.7,,,,8.7,27.0,,,,14.800000000000002
8A068,['1804931797'],['1804921788'],,,MULTAQ 400 TABCO 2X10 DE,9.9,8.7,,,9.3,29.0,27.0,,,16.78
8A069,['1804931797'],['1804951922'],,,MULTAQ 400 TABCO 10X10 DE,9.9,10.0,,,9.95,29.0,27.0,,,17.169999999999998
8A070,['1804961976'],['1804951922'],['1804911587'],,DRONEDARONE 400MG TABCO VRAC Conditionnement TOURS pour US,9.3,10.0,10.0,,9.766666666666667,26.0,27.0,29.0,,17.295238095238094
8A071,['1804931797'],['1804951922'],,,DRONEDARONE 400MG TABCO VRAC Conditionnement TOURS pour US,9.9,10.0,,,9.95,29.0,27.0,,,17.169999999999998
8A072,['1804931797'],['1804951922'],,,DRONEDARONE 400MG TABCO VRAC Conditionnement TOURS pour US,9.9,10.0,,,9.95,29.0,27.0,,,17.169999999999998
8A073,['1804931797'],['1804951922'],,,DRONEDARONE 400MG VRAC CP CA (MINIBAG),9.9,10.0,,,9.95,29.0,27.0,,,17.169999999999998
8A074,['1804951922'],,,,MULTAQ 400 TABCO 10X10 DE,10.0,,,,10.0,27.0,,,,15.666666666666666
8A075,['1804951922'],['1804941907'],,,MULTAQ 400 TABCO 10X10 XP,10.0,10.9,,,10.45,27.0,30.0,,,17.669999999999998
8A076,['1804941907'],,,,MULTAQ 400 TABCO 6X10 AT,10.9,,,,10.9,30.0,,,,17.266666666666666
8A077,['1804941907'],,,,MULTAQ 400 TABCO 6X10 ES,10.9,,,,10.9,30.0,,,,17.266666666666666
8A078,['1804941907'],,,,MULTAQ 400 TABCO 6X10 GB,10.9,,,,10.9,30.0,,,,17.266666666666666
8A079,['1804961976'],['1804941907'],,,MULTAQ 400 TABCO 6X10 IL,9.3,10.9,,,10.100000000000001,26.0,30.0,,,17.259999999999998
8A080,['1804961976'],['1804972037'],,,MULTAQ 400 TABCO 6X10 HR,9.3,11.0,,,10.15,26.0,31.0,,,17.490000000000002
8A081,['1804961976'],['1804972037'],,,DRONEDARONE 400MG TABCO VRAC Conditionnement TOURS pour US,9.3,11.0,,,10.15,26.0,31.0,,,17.490000000000002
8A082,['1804972037'],,,,DRONEDARONE 400MG TABCO VRAC Conditionnement TOURS pour US,11.0,,,,11.0,31.0,,,,17.666666666666668
8A083,['1804972037'],,,,DRONEDARONE 400MG TABCO VRAC Conditionnement TOURS pour US,11.0,,,,11.0,31.0,,,,17.666666666666668
8A084,['1804972037'],['1804982083'],,,DRONEDARONE 400MG TABCO VRAC Conditionnement TOURS pour US,11.0,11.0,,,11.0,31.0,30.0,,,18.8
8A085,['1804972037'],['1804982083'],,,DRONEDARONE 400MG TABCO VRAC Conditionnement TOURS pour US,11.0,11.0,,,11.0,31.0,30.0,,,18.8
8A086,['1804972037'],['1804982083'],,,DRONEDARONE 400MG TABCO VRAC Conditionnement TOURS pour US,11.0,11.0,,,11.0,31.0,30.0,,,18.8
8A087,['1804982083'],,,,DRONEDARONE 400MG TABCO VRAC Conditionnement TOURS pour US,11.0,,,,11.0,30.0,,,,17.333333333333332
8A088,['1804982083'],['1804992174'],,,DRONEDARONE 400MG TABCO VRAC Conditionnement TOURS pour US,11.0,12.0,,,11.5,30.0,32.0,,,19.3
8A089,['1804992174'],,,,DRONEDARONE 400MG TABCO VRAC Conditionnement TOURS pour US,12.0,,,,12.0,32.0,,,,18.666666666666668
8A090,['1804992174'],,,,DRONEDARONE 400MG TABCO VRAC Conditionnement TOURS pour US,12.0,,,,12.0,32.0,,,,18.666666666666668
8A091,['1804992174'],,,,DRONEDARONE 400MG TABCO VRAC Conditionnement TOURS pour US,12.0,,,,12.0,32.0,,,,18.666666666666668
8A092,['1805062951'],['1805042921'],['1805002294'],['1804992174'],DRONEDARONE 400MG TABCO VRAC Conditionnement TOURS pour US,9.7,11.04,10.0,12.0,10.684999999999999,29.0,31.0,29.0,32.0,19.380555555555556
8A093,['1805042921'],,,,DRONEDARONE 400MG TABCO VRAC Conditionnement TOURS pour US,11.04,,,,11.04,31.0,,,,17.69333333333333
8A094,['1805062951'],['1805042921'],['1805002294'],,DRONEDARONE 400MG TABCO VRAC Conditionnement TOURS pour US,9.7,11.04,10.0,,10.246666666666666,29.0,31.0,29.0,,18.56952380952381
8A095,['1805042921'],,,,DRONEDARONE 400MG TABCO VRAC Conditionnement TOURS pour US,11.04,,,,11.04,31.0,,,,17.69333333333333
8A096,['1805042921'],['1805002294'],,,DRONEDARONE 400MG TABCO VRAC Conditionnement TOURS pour US,11.04,10.0,,,10.52,31.0,29.0,,,18.312
8A097,['1805042921'],['1805002294'],,,DRONEDARONE 400MG TABCO VRAC Conditionnement TOURS pour US,11.04,10.0,,,10.52,31.0,29.0,,,18.312
8A098,['1805022372'],['1805032416'],['1805002294'],,DRONEDARONE 400MG TABCO VRAC Conditionnement TOURS pour US,9.7,11.1,10.0,,10.266666666666666,29.0,30.0,29.0,,18.438095238095237
8A099,['1805022372'],,,,DRONEDARONE 400MG TABCO VRAC Conditionnement TOURS pour US,9.7,,,,9.7,29.0,,,,16.133333333333336
8A100,['1805022372'],,,,DRONEDARONE 400MG TABCO VRAC Conditionnement TOURS pour US,9.7,,,,9.7,29.0,,,,16.133333333333336
8A101,['1805022372'],['1805002294'],,,DRONEDARONE 400MG TABCO VRAC Conditionnement TOURS pour US,9.7,10.0,,,9.85,29.0,29.0,,,17.509999999999998
8A102,['1805012323'],['1805002294'],,,DRONEDARONE 400MG TABCO VRAC Conditionnement TOURS pour US,10.4,10.0,,,10.2,30.0,29.0,,,17.919999999999998
8A103,['1805012323'],,,,DRONEDARONE 400MG TABCO VRAC Conditionnement TOURS pour US,10.4,,,,10.4,30.0,,,,16.933333333333334
8A104,['1805012323'],['1805022372'],['1805002294'],,DRONEDARONE 400MG TABCO VRAC Conditionnement TOURS pour US,10.4,9.7,10.0,,10.033333333333333,30.0,29.0,29.0,,18.304761904761904
8A105,['1805012323'],['1805022372'],,,DRONEDARONE 400MG TABCO VRAC Conditionnement TOURS pour US,10.4,9.7,,,10.05,30.0,29.0,,,17.830000000000002
8A106,['1805012323'],,,,MULTAQ 400 TABCO 6X10 ES,10.4,,,,10.4,30.0,,,,16.933333333333334
8A107,['1805012323'],['1805032416'],,,DRONEDARONE 400MG TABCO VRAC Conditionnement TOURS pour US,10.4,11.1,,,10.75,30.0,30.0,,,18.45
8A108,['1805103474'],['1805052927'],,,MULTAQ 400 TABCO 6X10 M36 XC,9.3,9.9,,,9.600000000000001,25.0,28.0,,,16.360000000000003
8A109,['1805032416'],['1805103474'],,,MULTAQ 400MG 10X10CP H B US,11.1,9.3,,,10.2,30.0,25.0,,,17.119999999999997
8A110,['1805032416'],['1805103474'],,,MULTAQ 400MG 6X6CP S B US,11.1,9.3,,,10.2,30.0,25.0,,,17.119999999999997
8A111,['1805103474'],,,,MULTAQ 400 TABCO 10X10 NO/DK,9.3,,,,9.3,25.0,,,,14.533333333333331
8A112,['1805032416'],['1805103474'],,,DRONEDARONE 400MG TABCO VRAC Conditionnement TOURS pour US,11.1,9.3,,,10.2,30.0,25.0,,,17.119999999999997
8A113,['1805032416'],['1805103474'],,,DRONEDARONE 400MG TABCO VRAC Conditionnement TOURS pour US,11.1,9.3,,,10.2,30.0,25.0,,,17.119999999999997
8A114,['1805032416'],['1805103474'],,,DRONEDARONE 400MG TABCO VRAC Conditionnement TOURS pour US,11.1,9.3,,,10.2,30.0,25.0,,,17.119999999999997
8A115,['1805032416'],['1805083359'],,,DRONEDARONE 400MG TABCO VRAC Conditionnement TOURS pour US,11.1,11.0,,,11.05,30.0,29.0,,,18.43
8A116,['1805062951'],['1805042921'],['1805083359'],,DRONEDARONE 400MG TABCO VRAC Conditionnement TOURS pour US,9.7,11.04,11.0,,10.58,29.0,31.0,29.0,,18.759999999999998
8A117,['1805062951'],,,,DRONEDARONE 400MG TABCO VRAC Conditionnement TOURS pour US,9.7,,,,9.7,29.0,,,,16.133333333333336
8A118,['1805062951'],,,,DRONEDARONE 400MG TABCO VRAC Conditionnement TOURS pour US,9.7,,,,9.7,29.0,,,,16.133333333333336
8A119,['1805062951'],['1805083359'],,,DRONEDARONE 400MG TABCO VRAC Conditionnement TOURS pour US,9.7,11.0,,,10.35,29.0,29.0,,,17.81
8A120,['1805062951'],['1805083359'],['1805052927'],,DRONEDARONE 400MG TABCO VRAC Conditionnement TOURS pour US,9.7,11.0,9.9,,10.200000000000001,29.0,29.0,28.0,,18.114285714285717
8A121,['1805052927'],,,,DRONEDARONE 400MG TABCO VRAC Conditionnement TOURS pour US,9.9,,,,9.9,28.0,,,,15.933333333333332
8A122,['1805052927'],,,,DRONEDARONE 400MG TABCO VRAC Conditionnement TOURS pour US,9.9,,,,9.9,28.0,,,,15.933333333333332
8A123,['1805052927'],,,,DRONEDARONE 400MG TABCO VRAC Conditionnement TOURS pour US,9.9,,,,9.9,28.0,,,,15.933333333333332
8A124,['1805083359'],['1805052927'],,,DRONEDARONE 400MG TABCO VRAC Conditionnement TOURS pour US,11.0,9.9,,,10.45,29.0,28.0,,,17.669999999999998
8A125,['1805073356'],['1805083359'],,,DRONEDARONE 400MG TABCO VRAC Conditionnement TOURS pour US,11.0,11.0,,,11.0,29.0,29.0,,,18.2
8A126,['1805073356'],,,,DRONEDARONE 400MG TABCO VRAC Conditionnement TOURS pour US,11.0,,,,11.0,29.0,,,,17.0
8A127,['1805073356'],,,,DRONEDARONE 400MG TABCO VRAC Conditionnement TOURS pour US,11.0,,,,11.0,29.0,,,,17.0
8A128,['1805073356'],['1805083359'],,,DRONEDARONE 400MG TABCO VRAC Conditionnement TOURS pour US,11.0,11.0,,,11.0,29.0,29.0,,,18.2
8A129,['1805153784'],['1805083359'],,,DRONEDARONE 400MG TABCO VRAC Conditionnement TOURS pour US,12.0,11.0,,,11.5,30.0,29.0,,,18.7
8A130,['1805184047'],['1805153784'],,,DRONEDARONE 400MG TABCO VRAC Conditionnement TOURS pour US,9.8,12.0,,,10.9,29.0,30.0,,,18.34
8A131,['1805184047'],['1805093403'],,,DRONEDARONE 400MG TABCO VRAC Conditionnement TOURS pour US,9.8,10.7,,,10.25,29.0,29.0,,,17.75
8A132,['1805113667'],['1805184047'],['1805093403'],,MULTAQ 400 TABCO 10X10 DE,12.3,9.8,10.7,,10.933333333333332,32.7,29.0,29.0,,19.204761904761906
8A133,['1805184047'],['1805073356'],['1805093403'],,MULTAQ 400 TABCO 6X10 GB,9.8,11.0,10.7,,10.5,29.0,29.0,29.0,,18.428571428571427
8A134,['1805093403'],,,,MULTAQ 400 TABCO 6X10 PL,10.7,,,,10.7,29.0,,,,16.8
8A135,['1805093403'],,,,MULTAQ 400 TABCO 6X10 IT,10.7,,,,10.7,29.0,,,,16.8
8A136,['1805093403'],,,,MULTAQ 400 TABCO 6X10 IT,10.7,,,,10.7,29.0,,,,16.8
8A137,['1805113667'],,,,MULTAQ 400 TABCO 10X10 XP,12.3,,,,12.3,32.7,,,,19.099999999999998
8A138,['1805113667'],,,,MULTAQ 400 TABCO 10X10 DE,12.3,,,,12.3,32.7,,,,19.099999999999998
8A139,['1805113667'],['1805184047'],,,MULTAQ 400MG TABCO 6X10 KR,12.3,9.8,,,11.05,32.7,29.0,,,18.97
9A001,['1805184047'],,,,MULTAQ 400 TABCO 10X10 DE,9.8,,,,9.8,29.0,,,,16.2
9A002,['1805173990'],['1805113667'],['1805184047'],,MULTAQ 400 TABCO 6X10 GB,9.6,12.3,9.8,,10.566666666666666,26.0,32.7,29.0,,18.566666666666666
9A003,['1805173990'],['1805163790'],,,MULTAQ 400 TABCO 6X10 IL,9.6,11.0,,,10.3,26.0,30.0,,,17.380000000000003
9A004,['1805163790'],,,,MULTAQ 400 TABCO 6X10 SK,11.0,,,,11.0,30.0,,,,17.333333333333332
9A005,['1805123683'],['1805163790'],,,MULTAQ 400 TABCO 6X10 GB,9.5,11.0,,,10.25,27.3,30.0,,,17.61
9A006,['1805123683'],['1805163790'],,,MULTAQ 400 TABCO 10X10 XP,9.5,11.0,,,10.25,27.3,30.0,,,17.61
9A007,['1805123683'],['1805163790'],,,MULTAQ 400 TABCO 10X10 DE,9.5,11.0,,,10.25,27.3,30.0,,,17.61
9A008,['1805123683'],,,,MULTAQ 400 TABCO 6X10 GB,9.5,,,,9.5,27.3,,,,15.433333333333332
9A009,['1805123683'],['1805163790'],,,MULTAQ 400 TABCO 6X10 M36 XC,9.5,11.0,,,10.25,27.3,30.0,,,17.61
9A010,['1805163790'],['1805194204'],,,MULTAQ 400 TABCO 6X10 FR,11.0,10.0,,,10.5,30.0,29.0,,,18.1
9A011,['1805194204'],,,,MULTAQ 400 TABCO 10X10 XP,10.0,,,,10.0,29.0,,,,16.333333333333332
9A012,['1805133696'],['1805194204'],,,MULTAQ 400 TABCO 3X10 M36 XB,11.0,10.0,,,10.5,28.0,29.0,,,17.7
9A013,['1805133696'],['1805194204'],,,MULTAQ 400 TABCO 6X10 M36 XC,11.0,10.0,,,10.5,28.0,29.0,,,17.7
9A014,['1805133696'],['1805194204'],,,MULTAQ 400MG 6X6CP S B US,11.0,10.0,,,10.5,28.0,29.0,,,17.7
9A015,['1805204235'],['1805194204'],,,MULTAQ 400MG 6X6CP S B US,11.0,10.0,,,10.5,31.0,29.0,,,18.3
9A016,['1805204235'],['1805133696'],,,MULTAQ 400 TABCO 10X10 DE,11.0,11.0,,,11.0,31.0,28.0,,,18.4
9A017,['1805204235'],['1805133696'],,,MULTAQ 400MG TABCO 6X10 KR,11.0,11.0,,,11.0,31.0,28.0,,,18.4
9A018,['1805204235'],['1805133696'],,,DRONEDARONE 400MG TABCO VRAC Conditionnement TOURS pour US,11.0,11.0,,,11.0,31.0,28.0,,,18.4
9A019,['1805204235'],['1805133696'],,,DRONEDARONE 400MG TABCO VRAC Conditionnement TOURS pour US,11.0,11.0,,,11.0,31.0,28.0,,,18.4
9A020,['1805143710'],['1805204235'],,,DRONEDARONE 400MG TABCO VRAC Conditionnement TOURS pour US,10.0,11.0,,,10.5,29.0,31.0,,,18.3
9A021,['1805143710'],['1805254678'],,,DRONEDARONE 400MG TABCO VRAC Conditionnement TOURS pour US,10.0,11.0,,,10.5,29.0,31.0,,,18.3
9A022,['1805143710'],['1805254678'],,,DRONEDARONE 400MG TABCO VRAC Conditionnement TOURS pour US,10.0,11.0,,,10.5,29.0,31.0,,,18.3
9A023,['1805254678'],,,,DRONEDARONE 400MG TABCO VRAC Conditionnement TOURS pour US,11.0,,,,11.0,31.0,,,,17.666666666666668
9A024,['1805254678'],,,,MULTAQ 400MG TABCO 6X10 KR,11.0,,,,11.0,31.0,,,,17.666666666666668
9A025,['1805143710'],['1805214305'],,,MULTAQ 400 TABCO 6X10 IL,10.0,13.0,,,11.5,29.0,35.0,,,19.7
9A026,['1805143710'],['1805214305'],['1805244618'],,MULTAQ 400 TABCO 10X10 DE,10.0,13.0,9.8,,10.933333333333332,29.0,35.0,28.0,,19.390476190476193
9A027,['1805143710'],,,,MULTAQ 400 TABCO 3X10 M36 XB,10.0,,,,10.0,29.0,,,,16.333333333333332
9A028,['1805143710'],['1805153784'],,,MULTAQ 400 TABCO 6X10 ES,10.0,12.0,,,11.0,29.0,30.0,,,18.4
9A029,['1805214305'],['1805153784'],['1805254678'],,MULTAQ 400MG 10X10CP H B US,13.0,12.0,11.0,,12.0,35.0,30.0,31.0,,20.571428571428573
9A030,['1805214305'],['1805254678'],,,DRONEDARONE 400MG TABCO VRAC Conditionnement TOURS pour US,13.0,11.0,,,12.0,35.0,31.0,,,20.4
9A031,['1805173990'],['1805214305'],['1805163790'],,DRONEDARONE 400MG TABCO VRAC Conditionnement TOURS pour US,9.6,13.0,11.0,,11.200000000000001,26.0,35.0,30.0,,19.400000000000002
9A032,['1805173990'],['1805214305'],,,DRONEDARONE 400MG TABCO VRAC Conditionnement TOURS pour US,9.6,13.0,,,11.3,26.0,35.0,,,18.98
9A033,['1805173990'],['1805214305'],,,MULTAQ 400 TABCO 10X10 XP,9.6,13.0,,,11.3,26.0,35.0,,,18.98
9A034,['1805173990'],,,,MULTAQ 400 TABCO 10X10 DE,9.6,,,,9.6,26.0,,,,15.066666666666668
9A035,['1805173990'],,,,DRONEDARONE 400MG TABCO VRAC Conditionnement TOURS pour US,9.6,,,,9.6,26.0,,,,15.066666666666668
9A036,['1805173990'],['1805224493'],,,DRONEDARONE 400MG TABCO VRAC Conditionnement TOURS pour US,9.6,10.0,,,9.8,26.0,31.0,,,17.28
9A037,['1805214305'],['1805204235'],['1805194204'],,DRONEDARONE 400MG TABCO VRAC Conditionnement TOURS pour US,13.0,11.0,10.0,,11.333333333333334,35.0,31.0,29.0,,20.047619047619047
9A038,['1805224493'],['1805214305'],,,DRONEDARONE 400MG TABCO VRAC Conditionnement TOURS pour US,10.0,13.0,,,11.5,31.0,35.0,,,20.1
9A039,['1805224493'],,,,DRONEDARONE 400MG TABCO VRAC Conditionnement TOURS pour US,10.0,,,,10.0,31.0,,,,17.0
9A040,['1805224493'],,,,DRONEDARONE 400MG TABCO VRAC Conditionnement TOURS pour US,10.0,,,,10.0,31.0,,,,17.0
9A041,['1805224493'],['1805234523'],,,DRONEDARONE 400MG TABCO VRAC Conditionnement TOURS pour US,10.0,12.0,,,11.0,31.0,32.0,,,19.2
9A042,['1805234523'],['1805264743'],,,DRONEDARONE 400MG TABCO VRAC Conditionnement TOURS pour US,12.0,12.0,,,12.0,32.0,32.0,,,20.0
9A043,['1805234523'],['1805264743'],,,DRONEDARONE 400MG TABCO VRAC Conditionnement TOURS pour US,12.0,12.0,,,12.0,32.0,32.0,,,20.0
9A044,['1805234523'],,,,DRONEDARONE 400MG TABCO VRAC Conditionnement TOURS pour US,12.0,,,,12.0,32.0,,,,18.666666666666668
9A045,['1805234523'],,,,DRONEDARONE 400MG TABCO VRAC Conditionnement TOURS pour US,12.0,,,,12.0,32.0,,,,18.666666666666668
9A046,['1805234523'],['1805264743'],,,MULTAQ 400 TABCO 6X10 GB,12.0,12.0,,,12.0,32.0,32.0,,,20.0
9A047,['1805264743'],,,,MULTAQ 400 TABCO 6X10 ES,12.0,,,,12.0,32.0,,,,18.666666666666668
9A048,['1805264743'],['1805244618'],,,MULTAQ 400 TABCO 10X10 XP,12.0,9.8,,,10.9,32.0,28.0,,,18.54
9A049,['1905301501'],['1805264743'],['1805244618'],,MULTAQ 400 TABCO 10X10 DE,12.0,12.0,9.8,,11.266666666666666,32.0,32.0,28.0,,19.58095238095238
9A050,['1905301501'],['1805244618'],,,MULTAQ 400MG 6X6CP S B US,12.0,9.8,,,10.9,32.0,28.0,,,18.54
9A051,['1905301501'],['1805244618'],,,MULTAQ 400 TABCO 6X10 IL,12.0,9.8,,,10.9,32.0,28.0,,,18.54
9A052,['1905301501'],,,,MULTAQ 400 TABCO 6X10 IT,12.0,,,,12.0,32.0,,,,18.666666666666668
9A053,['1905301501'],,,,DRONEDARONE 400MG TABCO VRAC Conditionnement TOURS pour US,12.0,,,,12.0,32.0,,,,18.666666666666668
9A054,['1905301501'],['1805244618'],,,DRONEDARONE 400MG TABCO VRAC Conditionnement TOURS pour US,12.0,9.8,,,10.9,32.0,28.0,,,18.54
9A055,['1905281301'],['1805244618'],,,DRONEDARONE 400MG TABCO VRAC Conditionnement TOURS pour US,9.7,9.8,,,9.75,28.0,28.0,,,17.05
9A056,['1905281301'],['1805244618'],,,DRONEDARONE 400MG TABCO VRAC Conditionnement TOURS pour US,9.7,9.8,,,9.75,28.0,28.0,,,17.05
9A057,['1905281301'],,,,DRONEDARONE 400MG TABCO VRAC Conditionnement TOURS pour US,9.7,,,,9.7,28.0,,,,15.800000000000002
9A058,['1905281301'],['1905291466'],,,DRONEDARONE 400MG TABCO VRAC Conditionnement TOURS pour US,9.7,11.4,,,10.55,28.0,30.0,,,17.93
9A059,['1905281301'],['1905291466'],,,DRONEDARONE 400MG TABCO VRAC Conditionnement TOURS pour US,9.7,11.4,,,10.55,28.0,30.0,,,17.93
9A061,['1905291466'],,,,DRONEDARONE 400MG TABCO VRAC Conditionnement TOURS pour US,11.4,,,,11.4,30.0,,,,17.599999999999998
9A062,['1905311563'],['1905291466'],,,DRONEDARONE 400MG TABCO VRAC Conditionnement TOURS pour US,11.0,11.4,,,11.2,30.0,30.0,,,18.72
9A063,['1905311563'],,,,DRONEDARONE 400MG TABCO VRAC Conditionnement TOURS pour US,11.0,,,,11.0,30.0,,,,17.333333333333332
9A066,['1905271292'],['1905271292'],,,DRONEDARONE 400MG TABCO VRAC Conditionnement TOURS pour US,11.0,11.0,,,11.0,29.0,29.0,,,18.2
9A067,['1905271292'],['1905271292'],,,MULTAQ 400 TABCO 6X10 M36 XC,11.0,11.0,,,11.0,29.0,29.0,,,18.2
9A068,['1905271292'],['1905311563'],['1905271292'],,MULTAQ 400 TABCO 6X10 M36 XC,11.0,11.0,11.0,,11.0,29.0,30.0,29.0,,18.857142857142858
9A069,['1905271292'],['1905311563'],['1905271292'],,MULTAQ 400 TABCO 10X10 DE,11.0,11.0,11.0,,11.0,29.0,30.0,29.0,,18.857142857142858
9A070,['1905321633'],['1905311563'],,,MULTAQ 400MG TABCO 6X10 KR,11.0,11.0,,,11.0,31.0,30.0,,,18.8
9A071,['1905321633'],,,,MULTAQ 400MG TABCO 6X10 KR,11.0,,,,11.0,31.0,,,,17.666666666666668
9A072,['1905321633'],,,,MULTAQ 400 TABCO 6X10 M36 XC,11.0,,,,11.0,31.0,,,,17.666666666666668
9A073,['1905352610'],['1905321633'],,,MULTAQ 400 TABCO 6X10 SK,11.0,11.0,,,11.0,30.0,31.0,,,18.8
9A074,['1905352610'],['1905341668'],['1905321633'],,MULTAQ 400 TABCO 10X10 DE,11.0,11.0,11.0,,11.0,30.0,31.0,31.0,,19.428571428571427
9A075,['1905341668'],['1905321633'],,,MULTAQ 400 TABCO 10X10 DE,11.0,11.0,,,11.0,31.0,31.0,,,19.0
9A076,['1905352610'],['1905341668'],,,MULTAQ 400 TABCO 6X10 AT,11.0,11.0,,,11.0,30.0,31.0,,,18.8
9A077,['1905352610'],,,,MULTAQ 400 TABCO 2X10 DE,11.0,,,,11.0,30.0,,,,17.333333333333332
9A079,['1905341668'],,,,MULTAQ 400MG 6X6CP S B US,11.0,,,,11.0,31.0,,,,17.666666666666668
9A080,['1905341668'],['1905331664'],,,MULTAQ 400 TABCO 6X10 GB,11.0,11.0,,,11.0,31.0,33.0,,,19.4
9A081,['1905352610'],['1905331664'],,,MULTAQ 400 TABCO 10X10 NO/DK,11.0,11.0,,,11.0,30.0,33.0,,,19.2
9A082,['1905331664'],,,,MULTAQ 400 TABCO 10X10 DE,11.0,,,,11.0,33.0,,,,18.333333333333332
9A083,['1905331664'],,,,MULTAQ 400 TABCO 6X10 IT,11.0,,,,11.0,33.0,,,,18.333333333333332
9A084,['1905352610'],['1905331664'],,,MULTAQ 400 TABCO 6X10 FR,11.0,11.0,,,11.0,30.0,33.0,,,19.2
9A086,['1905362693'],,,,MULTAQ 400 TABCO 2X10 GB,11.0,,,,11.0,33.0,,,,18.333333333333332
9A087,['1905362693'],,,,MULTAQ 400MG TABCO 6X10 IE,11.0,,,,11.0,33.0,,,,18.333333333333332
9A088,['1905362693'],,,,DRONEDARONE 400MG VRAC CP CA (MINIBAG),11.0,,,,11.0,33.0,,,,18.333333333333332
9A089,['1905392952'],,,,MULTAQ 400 TABCO 10X10 NO/DK,11.0,,,,11.0,33.0,,,,18.333333333333332
9A091,['1905372696'],['1905362693'],,,MULTAQ 400MG TABCO 6X10 KR,11.0,11.0,,,11.0,33.0,33.0,,,19.8
9A092,['1905372696'],,,,MULTAQ 400MG TABCO 6X10 IE,11.0,,,,11.0,33.0,,,,18.333333333333332
9A093,['1905372696'],['1905454163'],,,MULTAQ 400 TABCO 6X10 CH,11.0,12.0,,,11.5,33.0,32.0,,,19.9
9A094,['1905372696'],['1905454163'],,,MULTAQ 400 TABCO 10X10 XP,11.0,12.0,,,11.5,33.0,32.0,,,19.9
9A095,['1905382781'],['1905372696'],,,MULTAQ 400 TABCO 10X10 DE,11.0,11.0,,,11.0,31.0,33.0,,,19.4
9A096,['1905382781'],['1905454163'],,,DRONEDARONE 400MG TABCO VRAC Conditionnement TOURS pour US,11.0,12.0,,,11.5,31.0,32.0,,,19.5
9A097,['1905382781'],,,,DRONEDARONE 400MG TABCO VRAC Conditionnement TOURS pour US,11.0,,,,11.0,31.0,,,,17.666666666666668
9A098,['1905382781'],['1905454163'],,,DRONEDARONE 400MG TABCO VRAC Conditionnement TOURS pour US,11.0,12.0,,,11.5,31.0,32.0,,,19.5
9A099,['1905454163'],,,,DRONEDARONE 400MG TABCO VRAC Conditionnement TOURS pour US,12.0,,,,12.0,32.0,,,,18.666666666666668
9A100,['1905382781'],['1905454163'],,,DRONEDARONE 400MG TABCO VRAC Conditionnement TOURS pour US,11.0,12.0,,,11.5,31.0,32.0,,,19.5
9A101,['1905382781'],['1905464166'],['1905392952'],,DRONEDARONE 400MG TABCO VRAC Conditionnement TOURS pour US,11.0,11.0,11.0,,11.0,31.0,33.0,33.0,,20.142857142857142
9A102,['1905464166'],['1905392952'],,,DRONEDARONE 400MG TABCO VRAC Conditionnement TOURS pour US,11.0,11.0,,,11.0,33.0,33.0,,,19.8
9A103,['1905464166'],,,,DRONEDARONE 400MG TABCO VRAC Conditionnement TOURS pour US,11.0,,,,11.0,33.0,,,,18.333333333333332
9A104,['1905464166'],,,,DRONEDARONE 400MG TABCO VRAC Conditionnement TOURS pour US,11.0,,,,11.0,33.0,,,,18.333333333333332
9A105,['1905464166'],['1905392952'],,,DRONEDARONE 400MG TABCO VRAC Conditionnement TOURS pour US,11.0,11.0,,,11.0,33.0,33.0,,,19.8
9A106,['1905402965'],,,,DRONEDARONE 400MG TABCO VRAC Conditionnement TOURS pour US,10.0,,,,10.0,31.0,,,,17.0
9A107,['1905402965'],['1905392952'],,,DRONEDARONE 400MG TABCO VRAC Conditionnement TOURS pour US,10.0,11.0,,,10.5,31.0,33.0,,,19.1
9A108,['1905402965'],,,,MULTAQ 400 TABCO 6X10 M36 XC,10.0,,,,10.0,31.0,,,,17.0
9A109,['1905402965'],['1905412994'],,,MULTAQ 400 TABCO 6X10 IL,10.0,11.0,,,10.5,31.0,30.0,,,18.5
AA001,['1905412994'],,,,MULTAQ 400 TABCO 6X10 IT,11.0,,,,11.0,30.0,,,,17.333333333333332
AA002,['1905412994'],,,,MULTAQ 400 TABCO 10X10 DE,11.0,,,,11.0,30.0,,,,17.333333333333332
AA003,['1905412994'],,,,MULTAQ 400 TABCO 10X10 DE,11.0,,,,11.0,30.0,,,,17.333333333333332
AA004,['1905412994'],['1905423000'],,,MULTAQ 400 TABCO 3X10 M36 XB,11.0,10.0,,,10.5,30.0,28.0,,,17.9
AA005,['1905412994'],['1905423000'],,,MULTAQ 400MG TABCO 6X10 KR,11.0,10.0,,,10.5,30.0,28.0,,,17.9
AA006,['1905423000'],,,,MULTAQ 400MG TABCO 6X10 KR,10.0,,,,10.0,28.0,,,,16.0
AA007,['1905423000'],,,,MULTAQ 400 TABCO 6X10 IT,10.0,,,,10.0,28.0,,,,16.0
AA008,['1905434147'],['1905423000'],,,DRONEDARONE 400MG VRAC CP CA (MINIBAG),12.0,10.0,,,11.0,31.0,28.0,,,18.4
AA009,['1905434147'],,,,DRONEDARONE 400MG TABCO VRAC Conditionnement TOURS pour US,12.0,,,,12.0,31.0,,,,18.333333333333332
AA010,['1905434147'],,,,DRONEDARONE 400MG TABCO VRAC Conditionnement TOURS pour US,12.0,,,,12.0,31.0,,,,18.333333333333332
AA011,['1905434147'],['1905464166'],,,DRONEDARONE 400MG TABCO VRAC Conditionnement TOURS pour US,12.0,11.0,,,11.5,31.0,33.0,,,19.7
AA012,['1905464166'],['1905444157'],,,MULTAQ 400 TABCO 6X10 ES,11.0,11.0,,,11.0,33.0,30.0,,,19.2
AA013,['1905444157'],,,,MULTAQ 400 TABCO 2X10 HX DE,11.0,,,,11.0,30.0,,,,17.333333333333332
AA014,['1905444157'],,,,MULTAQ 400 TABCO 6X10 IL,11.0,,,,11.0,30.0,,,,17.333333333333332
AA015,['1905484394'],['1905444157'],,,MULTAQ 400 TABCO 6X10 M36 XC,12.0,11.0,,,11.5,33.0,30.0,,,19.5
AA016,['1905484394'],,,,MULTAQ 400MG TABCO 6X10 KR,12.0,,,,12.0,33.0,,,,19.0
AA017,['1905484394'],,,,DRONEDARONE 400MG TABCO VRAC Conditionnement TOURS pour US,12.0,,,,12.0,33.0,,,,19.0
AA018,['1905484394'],,,,DRONEDARONE 400MG TABCO VRAC Conditionnement TOURS pour US,12.0,,,,12.0,33.0,,,,19.0
AA019,['1905484394'],['1905494398'],,,DRONEDARONE 400MG TABCO VRAC Conditionnement TOURS pour US,12.0,12.0,,,12.0,33.0,32.0,,,20.2
AA020,['1905494398'],,,,DRONEDARONE 400MG TABCO VRAC Conditionnement TOURS pour US,12.0,,,,12.0,32.0,,,,18.666666666666668
AA021,['1905494398'],,,,DRONEDARONE 400MG TABCO VRAC Conditionnement TOURS pour US,12.0,,,,12.0,32.0,,,,18.666666666666668
AA022,['1905494398'],,,,DRONEDARONE 400MG TABCO VRAC Conditionnement TOURS pour US,12.0,,,,12.0,32.0,,,,18.666666666666668
AA023,['1905474384'],['1905504406'],['1905494398'],,DRONEDARONE 400MG TABCO VRAC Conditionnement TOURS pour US,11.0,11.0,12.0,,11.333333333333334,31.0,31.0,32.0,,19.904761904761905
AA024,['1905474384'],,,,DRONEDARONE 400MG TABCO VRAC Conditionnement TOURS pour US,11.0,,,,11.0,31.0,,,,17.666666666666668
AA025,['1905474384'],,,,DRONEDARONE 400MG TABCO VRAC Conditionnement TOURS pour US,11.0,,,,11.0,31.0,,,,17.666666666666668
AA026,['1905474384'],,,,DRONEDARONE 400MG TABCO VRAC Conditionnement TOURS pour US,11.0,,,,11.0,31.0,,,,17.666666666666668
AA027,['1905474384'],['1905444157'],,,DRONEDARONE 400MG TABCO VRAC Conditionnement TOURS pour US,11.0,11.0,,,11.0,31.0,30.0,,,18.8
AA028,['1905525411'],['1905444157'],,,DRONEDARONE 400MG TABCO VRAC Conditionnement TOURS pour US,9.5,11.0,,,10.25,25.0,30.0,,,17.15
AA029,['1905515370'],['1905525411'],,,MULTAQ 400 TABCO 6X10 GB,12.0,9.5,,,10.75,32.0,25.0,,,17.85
AA030,['1905515370'],,,,MULTAQ 400 TABCO 6X10 PL,12.0,,,,12.0,32.0,,,,18.666666666666668
AA031,['1905515370'],['1905525411'],,,MULTAQ 400MG TABCO 6X10 KR,12.0,9.5,,,10.75,32.0,25.0,,,17.85
AA032,['1905525411'],,,,MULTAQ 400MG TABCO 6X10 KR,9.5,,,,9.5,25.0,,,,14.666666666666666
AA033,['1905515370'],['1905525411'],,,MULTAQ 400 TABCO 6X10 M36 XC,12.0,9.5,,,10.75,32.0,25.0,,,17.85
AA034,['1905535419'],['1905515370'],,,DRONEDARONE 400MG TABCO VRAC Conditionnement TOURS pour US,13.0,12.0,,,12.5,36.0,32.0,,,21.1
AA035,['1905515370'],['1905525411'],,,DRONEDARONE 400MG TABCO VRAC Conditionnement TOURS pour US,12.0,9.5,,,10.75,32.0,25.0,,,17.85
AA036,['1905535419'],['1905525411'],,,DRONEDARONE 400MG TABCO VRAC Conditionnement TOURS pour US,13.0,9.5,,,11.25,36.0,25.0,,,18.95
AA037,['1905535419'],,,,DRONEDARONE 400MG TABCO VRAC Conditionnement TOURS pour US,13.0,,,,13.0,36.0,,,,20.666666666666668
AA038,['1905535419'],,,,DRONEDARONE 400MG TABCO VRAC Conditionnement TOURS pour US,13.0,,,,13.0,36.0,,,,20.666666666666668
AA039,['1905535419'],['1905545434'],,,DRONEDARONE 400MG TABCO VRAC Conditionnement TOURS pour US,13.0,12.0,,,12.5,36.0,34.0,,,21.5
AA040,['1905545434'],,,,DRONEDARONE 400MG TABCO VRAC Conditionnement TOURS pour US,12.0,,,,12.0,34.0,,,,19.333333333333332
AA041,['1905545434'],,,,DRONEDARONE 400MG TABCO VRAC Conditionnement TOURS pour US,12.0,,,,12.0,34.0,,,,19.333333333333332
AA042,['1905545434'],['1905555443'],,,DRONEDARONE 400MG TABCO VRAC Conditionnement TOURS pour US,12.0,11.0,,,11.5,34.0,32.0,,,20.1
AA043,['1905555443'],,,,DRONEDARONE 400MG TABCO VRAC Conditionnement TOURS pour US,11.0,,,,11.0,32.0,,,,18.0
AA044,['1905555443'],,,,DRONEDARONE 400MG TABCO VRAC Conditionnement TOURS pour US,11.0,,,,11.0,32.0,,,,18.0
AA045,['1905555443'],,,,DRONEDARONE 400MG TABCO VRAC Conditionnement TOURS pour US,11.0,,,,11.0,32.0,,,,18.0
AA046,['1905565492'],['1905555443'],,,DRONEDARONE 400MG TABCO VRAC Conditionnement TOURS pour US,11.0,11.0,,,11.0,35.0,32.0,,,20.0
AA047,['1905565492'],,,,MULTAQ 400 TABCO 6X10 IL,11.0,,,,11.0,35.0,,,,19.0
AA048,['1905565492'],,,,MULTAQ 400 TABCO 6X10 GB,11.0,,,,11.0,35.0,,,,19.0
AA049,['1905565492'],,,,MULTAQ 400MG TABCO 6X10 KR,11.0,,,,11.0,35.0,,,,19.0
AA050,['1905565492'],['2005580737'],,,MULTAQ 400 TABCO 10X10 DE,11.0,14.0,,,12.5,35.0,34.0,,,21.3
AA051,['2005580737'],,,,MULTAQ 400MG TABCO 6X10 KR,14.0,,,,14.0,34.0,,,,20.666666666666668
AA052,['2005580737'],,,,DRONEDARONE 400MG TABCO VRAC Conditionnement TOURS pour US,14.0,,,,14.0,34.0,,,,20.666666666666668
AA053,['2005590746'],['2005580737'],,,MULTAQ 400 TABCO 10X10 DE,12.0,14.0,,,13.0,32.0,34.0,,,21.0
AA054,['2005590746'],['1905575495'],['1905575495'],,DRONEDARONE 400MG TABCO VRAC Conditionnement TOURS pour US,12.0,12.0,12.0,,12.0,32.0,36.0,36.0,,21.714285714285715
AA055,['1905575495'],['1905575495'],,,DRONEDARONE 400MG TABCO VRAC Conditionnement TOURS pour US,12.0,12.0,,,12.0,36.0,36.0,,,21.6
AA056,['2005610777'],,,,DRONEDARONE 400MG TABCO VRAC Conditionnement TOURS pour US,12.658,,,,12.658,32.44,,,,19.252
AA057,['1905575495'],['1905575495'],,,DRONEDARONE 400MG TABCO VRAC Conditionnement TOURS pour US,12.0,12.0,,,12.0,36.0,36.0,,,21.6
AA058,['2005590746'],['1905575495'],['1905575495'],,DRONEDARONE 400MG TABCO VRAC Conditionnement TOURS pour US,12.0,12.0,12.0,,12.0,32.0,36.0,36.0,,21.714285714285715
AA059,['2005590746'],,,,DRONEDARONE 400MG TABCO VRAC Conditionnement TOURS pour US,12.0,,,,12.0,32.0,,,,18.666666666666668
AA060,['2005590746'],,,,DRONEDARONE 400MG TABCO VRAC Conditionnement TOURS pour US,12.0,,,,12.0,32.0,,,,18.666666666666668
AA061,['2005590746'],,,,DRONEDARONE 400MG TABCO VRAC Conditionnement TOURS pour US,12.0,,,,12.0,32.0,,,,18.666666666666668
AA062,['2005610777'],['2005590746'],,,DRONEDARONE 400MG TABCO VRAC Conditionnement TOURS pour US,12.658,12.0,,,12.329,32.44,32.0,,,20.285400000000003
AA063,['2005610777'],,,,DRONEDARONE 400MG TABCO VRAC Conditionnement TOURS pour US,12.658,,,,12.658,32.44,,,,19.252
AA064,['2005610777'],['2005600761'],,,DRONEDARONE 400MG TABCO VRAC Conditionnement TOURS pour US,12.658,12.0,,,12.329,32.44,32.0,,,20.285400000000003
AA065,['2005600761'],,,,DRONEDARONE 400MG TABCO VRAC Conditionnement TOURS pour US,12.0,,,,12.0,32.0,,,,18.666666666666668
AA066,['2005600761'],,,,DRONEDARONE 400MG TABCO VRAC Conditionnement TOURS pour US,12.0,,,,12.0,32.0,,,,18.666666666666668
AA067,['2005600761'],,,,DRONEDARONE 400MG TABCO VRAC Conditionnement TOURS pour US,12.0,,,,12.0,32.0,,,,18.666666666666668
AA068,['2005640936'],['2005600761'],,,DRONEDARONE 400MG TABCO VRAC Conditionnement TOURS pour US,12.015,12.0,,,12.0075,32.091,32.0,,,20.0227
AA069,['2005640936'],,,,DRONEDARONE 400MG TABCO VRAC Conditionnement TOURS pour US,12.015,,,,12.015,32.091,,,,18.707
AA070,['2005640936'],,,,MULTAQ 400 TABCO 6X10 IL,12.015,,,,12.015,32.091,,,,18.707
AA071,['2005640936'],,,,MULTAQ 400 TABCO 6X10 IT,12.015,,,,12.015,32.091,,,,18.707
AA072,['2005640936'],['2005630933'],,,MULTAQ 400 TABCO 6X10 M36 XC,12.015,11.812999999999999,,,11.914,32.091,30.426,,,19.6518
AA073,['2005630933'],,,,MULTAQ 400 TABCO 6X10 GB,11.812999999999999,,,,11.812999999999999,30.426,,,,18.01733333333333
AA074,['2005630933'],,,,MULTAQ 400 TABCO 10X10 DE,11.812999999999999,,,,11.812999999999999,30.426,,,,18.01733333333333
AA075,['2005630933'],['2005620929'],,,MULTAQ 400 TABCO 10X10 NO/DK,11.812999999999999,12.475999999999999,,,12.144499999999999,30.426,33.788000000000004,,,20.1295
AA076,['2005620929'],,,,MULTAQ 400 TABCO 6X10 IT,12.475999999999999,,,,12.475999999999999,33.788000000000004,,,,19.580000000000002
AA077,['2005620929'],,,,MULTAQ 400MG TABCO 6X10 IE,12.475999999999999,,,,12.475999999999999,33.788000000000004,,,,19.580000000000002
AA078,['2005620929'],,,,MULTAQ 400 TABCO 6X10 M36 XC,12.475999999999999,,,,12.475999999999999,33.788000000000004,,,,19.580000000000002
AA079,['2005650994'],['2005620929'],,,MULTAQ 400 TABCO 10X10 DE,11.879000000000001,12.475999999999999,,,12.1775,32.278,33.788000000000004,,,20.519700000000004
AA080,['2005650994'],['2005620929'],,,DRONEDARONE 400MG TABCO VRAC Conditionnement TOURS pour US,11.879000000000001,12.475999999999999,,,12.1775,32.278,33.788000000000004,,,20.519700000000004
AA081,['2005650994'],,,,DRONEDARONE 400MG TABCO VRAC Conditionnement TOURS pour US,11.879000000000001,,,,11.879000000000001,32.278,,,,18.67866666666667
AA082,['2005650994'],,,,DRONEDARONE 400MG TABCO VRAC Conditionnement TOURS pour US,11.879000000000001,,,,11.879000000000001,32.278,,,,18.67866666666667
AA083,['2005650994'],['2005681631'],,,DRONEDARONE 400MG TABCO VRAC Conditionnement TOURS pour US,11.879000000000001,12.0,,,11.9395,32.278,32.0,,,20.0193
AA084,['2005681631'],,,,MULTAQ 400 TABCO 10X10 DE,12.0,,,,12.0,32.0,,,,18.666666666666668
AA085,['2005681631'],,,,DRONEDARONE 400MG TABCO VRAC Conditionnement TOURS pour US,12.0,,,,12.0,32.0,,,,18.666666666666668
AA086,['2005671626'],['2005681631'],,,DRONEDARONE 400MG TABCO VRAC Conditionnement TOURS pour US,13.0,12.0,,,12.5,33.0,32.0,,,20.5
AA087,['2005671626'],,,,DRONEDARONE 400MG TABCO VRAC Conditionnement TOURS pour US,13.0,,,,13.0,33.0,,,,19.666666666666668
AA088,['2005671626'],,,,MULTAQ 400 TABCO 2X10 HX DE,13.0,,,,13.0,33.0,,,,19.666666666666668
AA089,['2005671626'],,,,MULTAQ 400 TABCO 10X10 DE,13.0,,,,13.0,33.0,,,,19.666666666666668
AA090,['2005671626'],['2005661617'],,,DRONEDARONE 400MG TABCO VRAC Conditionnement TOURS pour US,13.0,13.0,,,13.0,33.0,34.0,,,21.2
AA091,['2005661617'],,,,MULTAQ 400 TABCO 6X10 IL,13.0,,,,13.0,34.0,,,,20.0
AA092,['2005661617'],,,,MULTAQ 400 TABCO 6X10 ES,13.0,,,,13.0,34.0,,,,20.0
AA093,['2005661617'],,,,MULTAQ 400 TABCO 6X10 GB,13.0,,,,13.0,34.0,,,,20.0
AA094,['2005691709'],,,,MULTAQ 400 TABCO 6X10 M36 XC,13.0,,,,13.0,34.0,,,,20.0
AA095,['2005691709'],,,,MULTAQ 400 TABCO 6X10 M36 XC,13.0,,,,13.0,34.0,,,,20.0
AA096,['2005691709'],['2005661617'],,,MULTAQ 400 TABCO 6X10 AT,13.0,13.0,,,13.0,34.0,34.0,,,21.4
AA097,['2005701713'],['2005691709'],['2005671626'],,MULTAQ 400 TABCO 10X10 DE,12.0,13.0,13.0,,12.666666666666666,33.0,34.0,33.0,,21.523809523809522
AA098,['2005701713'],,,,MULTAQ 400 TABCO 6X10 GB,12.0,,,,12.0,33.0,,,,19.0
AA103,['2005721724'],,,,DRONEDARONE 400MG TABCO VRAC Conditionnement TOURS pour US,13.0,,,,13.0,34.0,,,,20.0
AA104,['2005721724'],,,,DRONEDARONE 400MG TABCO VRAC Conditionnement TOURS pour US,13.0,,,,13.0,34.0,,,,20.0
AA105,['2005721724'],['2005711716'],,,DRONEDARONE 400MG TABCO VRAC Conditionnement TOURS pour US,13.0,12.0,,,12.5,34.0,34.0,,,21.1
AA106,['2005711716'],,,,DRONEDARONE 400MG TABCO VRAC Conditionnement TOURS pour US,12.0,,,,12.0,34.0,,,,19.333333333333332
AA107,['2005743507'],['2005711716'],,,DRONEDARONE 400MG TABCO VRAC Conditionnement TOURS pour US,12.0,12.0,,,12.0,33.0,34.0,,,20.6
AA108,['2005743507'],['2005763655'],['2005711716'],,DRONEDARONE 400MG TABCO VRAC Conditionnement TOURS pour US,12.0,11.0,12.0,,11.666666666666666,33.0,29.0,34.0,,20.38095238095238
AA109,['2005743507'],['2005711716'],,,DRONEDARONE 400MG TABCO VRAC Conditionnement TOURS pour US,12.0,12.0,,,12.0,33.0,34.0,,,20.6
AA110,['2005743507'],,,,DRONEDARONE 400MG TABCO VRAC Conditionnement TOURS pour US,12.0,,,,12.0,33.0,,,,19.0
AA111,['2005743507'],,,,DRONEDARONE 400MG TABCO VRAC Conditionnement TOURS pour US,12.0,,,,12.0,33.0,,,,19.0
AA112,['2005743507'],,,,DRONEDARONE 400MG TABCO VRAC Conditionnement TOURS pour US,12.0,,,,12.0,33.0,,,,19.0
